obra_id;version;filas;bytes;largas;huella
0;26;227;177188;1;489424230
581738;0;61;32078;0;-553140875
820674;1;79;59117;0;1327774825
911850;0;412;225309;0;947574914
916096;1;792;367900;0;1695581352
926870;0;49;12570;0;14963963
931323;0;630;238620;0;-2104203215
931323;1;630;238507;0;624055911
945347;1;144;39302;0;-1301378427
945347;2;144;39302;0;997100164
945347;3;102;128916;0;-1347383891
945347;4;173;322009;3;-1779179843
945347;5;189;391161;8;-923981523
945347;6;189;461734;8;-298876378
945347;7;225;834276;20;-588710112
945347;8;260;973779;20;499461902
945347;9;273;1026003;20;-1144863103
945347;10;339;1075366;20;1567659593
945347;11;367;1182198;21;-686401552
945347;12;458;1216971;21;1061336082
945347;13;489;1291921;23;-349325367
945347;14;546;1429377;23;-119645936
952304;0;5;780;0;-868425477
970564;0;218;94514;0;-1172366944
981675;1;63;11899;0;-1969399880
995380;2;76;50196;0;-474731934
995380;3;123;75542;0;33746550
995380;4;123;76382;0;-570741508
995380;5;123;77674;0;1936149027
995380;6;123;77675;0;1135885712
996935;2;663;452764;0;842081537
996935;3;666;498341;0;-1109851562
1008108;0;2;1499;0;1573511473
1013783;0;319;154375;0;65130405
1014380;0;111;17129;0;339296419
1014380;1;111;17129;0;-671530844
1014380;2;409;155944;0;-1446380566
1014380;3;419;170084;0;1386129033
1014380;4;448;191409;0;811977223
1014380;5;496;211558;0;52787763
1014380;6;503;233573;0;1103876331
1014380;7;503;233752;0;1870341567
1014677;2;164;182341;0;-1368747324
1014677;3;348;641353;1;-357596659
1014677;4;350;642808;1;1548749183
1014677;5;352;646964;1;712989483
1014677;6;356;649419;1;-1340288378
1014677;7;360;653553;1;547940841
1014677;8;362;659590;1;-1636720648
1014677;9;376;670471;1;1584293535
1014677;10;398;690946;1;-519987333
1014677;11;398;690944;1;-227357991
1014677;12;400;695789;1;-1290081456
1014677;13;400;697156;1;-1662238949
1014677;14;401;698068;1;662031322
1014677;15;425;756035;2;2116620026
1014677;16;1124;1544888;2;-483951292
1014677;17;1141;1585711;2;-1136696795
1014677;18;1199;1664113;2;1737995522
1014677;19;1218;1687927;2;-1090909511
1014677;20;1254;1751763;2;2115338022
1027740;0;179;46166;0;-1285003233
1027740;1;179;46166;0;1142450206
1027740;3;41;20166;0;1115216812
1027740;4;98;94846;0;-841594249
1027740;5;139;149793;0;-889354849
1027740;6;151;178254;1;-1839649997
1027740;7;177;198583;1;-1647092331
1027740;8;332;309552;1;504166924
1027740;9;346;340702;1;758475646
1027740;10;662;665536;1;93784165
1027740;11;662;665629;1;-806600969
1027740;12;671;765457;2;1630491157
1027740;13;677;804672;2;841813431
1027740;14;742;868437;2;1583790893
1027740;16;769;907762;2;68770711
1027740;17;769;907866;2;339609189
1034284;0;122;22740;0;-640254516
1034284;1;122;22740;0;-688489012
1034284;2;136;93179;0;939146959
1034284;3;149;101085;0;1899020674
1034284;4;161;133614;1;-1240690390
1034284;5;161;133614;1;-1919119017
1041701;0;164;40509;0;-1344542655
1041701;1;281;286155;0;-1340620882
1041701;2;312;301425;0;559727302
1041701;3;358;329409;0;-1550380643
1042015;2;97;53211;0;120065969
1042015;3;100;59900;0;-667258702
1042015;4;109;62772;0;1478431741
1042311;2;48;41953;0;550956613
1042311;3;63;53912;0;-317497074
1042311;4;70;60898;0;129775180
1047872;0;152;29342;0;-1661007661
1047872;1;178;95900;0;-1774281666
1047872;2;183;101160;0;1468402397
1047872;3;186;104593;0;-238606895
1047872;4;184;105892;0;5067225
1047872;5;185;109519;0;599998389
1047872;6;186;112329;0;-2122705229
1047872;7;197;119612;0;-2058709365
1072375;0;172;25646;0;-1587703078
1072375;3;90;93240;1;882363744
1072375;4;90;97379;1;-1493813875
1072375;5;90;97379;1;-1655294578
1072375;6;90;137204;1;1926081852
1072375;7;104;175084;1;-1416944986
1072375;8;144;314525;3;1765393543
1072375;9;147;352368;3;-245718990
1075297;0;30;25254;0;-886105551
1075297;1;68;64702;0;-1297255388
1075297;2;82;74150;0;1585896331
1075297;3;95;86328;0;-468326383
1075297;4;103;98132;0;400727643
1075297;5;115;106142;0;1560883664
1075297;6;147;124975;0;-1358903795
1075297;7;173;145194;0;249691202
1075297;8;201;157461;0;633747785
1075297;9;201;157464;0;-1901062904
1075297;10;238;180405;0;416933538
1075297;11;252;198836;0;1964466567
1075297;12;255;202589;0;897743143
1075297;13;271;228802;0;2087081266
1075297;14;276;230191;0;1805941637
1075297;15;288;244270;0;-438823273
1075297;16;290;246368;0;1166475034
1088657;2;476;335601;0;1564786462
1088657;3;533;362056;0;1806467225
1088657;4;533;362302;0;-391994687
1088657;5;656;435678;0;-753606165
1088657;6;692;459305;0;1767094698
1088657;7;728;482364;0;-227261443
1088657;8;761;534742;0;-2127236098
1088657;10;770;539810;0;-722512297
1088657;11;771;540222;0;952099682
1088657;12;1174;833305;0;-493443301
1088657;13;1178;838987;0;-229705050
1088657;14;1396;966659;0;-108497313
1088657;15;1411;992483;0;-181338401
1088657;16;1439;1024135;0;1437851072
1095715;0;48;7690;0;849604328
1095715;1;48;7690;0;1059319528
1095715;2;48;7690;0;967044840
1095715;3;274;176025;0;80033082
1095715;4;280;184816;0;1772863158
1095715;5;290;189730;0;-1596864896
1095715;6;328;205174;0;-919060825
1095715;7;345;213857;0;124036082
1095715;8;363;222369;0;1810104215
1103082;0;72;54999;0;547330774
1103082;1;72;54999;0;-538993961
1103082;2;72;54999;0;-547382569
1103082;3;72;54999;0;-744514857
1103082;4;81;75327;0;-1792535281
1103082;5;86;77508;0;1249663336
1103082;6;89;102385;0;681227263
1103082;7;89;102447;0;-1439068262
1103082;8;90;109257;0;736960500
1103082;9;90;109242;0;-128382828
1103082;10;91;109491;0;-998651984
1103082;11;91;116577;0;1422549600
1103082;12;92;117108;0;803651917
1103082;13;92;118432;0;759871232
1103082;14;95;129917;0;1437569581
1109551;0;301;54009;0;-1445846825
1109551;1;301;54009;0;1905402071
1109551;2;60;68534;0;524943425
1109551;3;72;101924;1;798077845
1109551;4;96;143813;1;-1845344990
1109551;5;97;144696;1;-2030577461
1109551;6;867;877325;7;-672219600
1109551;7;903;906903;7;-338897186
1109551;8;965;1019094;9;281032816
1109551;9;972;1006287;9;-166667882
1109551;10;981;1036766;9;-244820014
1109551;11;1009;1066087;9;-923412987
1109551;12;1016;1075270;9;-1862384111
1109551;13;1023;1094028;9;1954404059
1109551;14;1023;1102637;9;828511778
1110039;0;17;2791;0;66623221
1110039;1;17;2791;0;1968740085
1110039;2;203;71232;0;-2138921643
1110039;3;178;70244;0;1486560081
1110039;4;178;70244;0;2138774353
1110039;5;178;70244;0;1715149649
1110039;6;188;76916;0;515694190
1119430;0;248;55364;0;996055075
1119430;1;248;55364;0;1381931043
1119430;2;1271;1091905;0;-304719780
1119430;3;1271;1091885;0;-248387574
1119430;4;1273;1122563;0;1296456048
1119430;5;1276;1136959;0;1207571777
1119430;6;1280;1173314;1;1618943552
1119430;7;1281;1182574;1;1968265628
1119430;8;1284;1252080;1;-1481182344
1119430;9;1332;1349804;1;-1015349182
1119430;10;1332;1375126;1;355470766
1119430;11;1348;1498505;2;1836792080
1119430;12;1360;1962537;39;1147795322
1119430;13;1366;2027218;39;2081400611
1119430;14;1376;2135492;39;2135664928
1119430;15;1376;2135469;39;-1202747838
1119430;16;1414;2183128;39;-747573490
1119430;17;1418;2198304;39;-151298033
1119430;18;1427;2204301;39;1375053519
1119430;19;1432;2240749;39;1837136710
1119430;20;1434;2276075;39;80413598
1119430;21;1435;2282583;39;-540503384
1119430;22;1436;2295486;39;-1686771077
1119430;23;1436;2304790;39;1446239215
1119430;24;1436;2304800;39;996047335
1121154;0;92;58462;0;-866691819
1121154;1;92;58482;0;497331729
1121154;2;157;122086;0;-720493811
1121154;3;158;124147;0;101309807
1121154;4;188;140191;0;-243879002
1121154;5;227;156000;0;-1730352175
1121154;6;233;165563;0;-1998572899
1121154;7;254;179898;0;-147654961
1121154;8;269;190497;0;-670485140
1121154;9;269;190576;0;-39616639
1121154;10;307;206249;0;1611482080
1135360;0;178;31388;0;-1089356249
1135360;1;189;127697;0;1653652670
1135656;0;181;38941;0;2032772465
1135656;1;181;38941;0;759801201
1135656;2;114;76326;0;1406995924
1135656;3;118;81791;0;-1887744466
1135656;4;304;221057;0;-130420334
1135656;5;323;239501;0;-1607861834
1135656;6;344;276079;0;-621198203
1135656;7;510;391228;0;-1817426384
1135656;8;548;450905;0;1799892591
1135656;9;581;474842;0;-1907626502
1136923;0;101;14361;0;287527435
1136923;1;101;14361;0;1754485259
1136923;2;40;18682;0;1208446012
1136923;3;64;32217;0;-348480791
1136923;4;65;33597;0;1057642025
1136923;5;139;62738;0;1402031434
1136923;6;452;228221;0;1238503788
1136923;7;452;231292;0;1423615499
1136923;8;452;233995;0;1571784374
1136923;9;466;248482;0;-1049155826
1136923;10;466;248482;0;-1702373781
1136923;11;467;279073;0;1957384336
1136923;12;469;289696;0;922582899
1136923;13;471;295632;0;970403202
1136923;14;475;311020;0;991926627
1136923;15;476;315131;0;-350177110
1136923;16;477;327679;0;1753984752
1139730;0;5;809;0;-919956655
1139730;2;3;1025;0;1495786520
1145638;0;140;29113;0;-1263221567
1145638;1;46;9778;0;1178856998
1145638;2;136;200343;0;-1087482949
1146706;0;169;33582;0;1193818029
1146706;1;169;33582;0;-1005045844
1146706;2;137;143238;1;1267226207
1146706;3;164;139519;0;681478515
1146706;4;516;359223;0;238747470
1146706;5;548;386626;0;-1626889774
1146706;6;578;410386;0;143821105
1146706;7;587;416894;0;-584683222
1146706;8;606;441769;0;700568365
1146706;9;611;448846;0;-1367380186
1147400;2;74;72097;0;-1352056318
1147400;3;75;72346;0;99995750
1147400;4;83;75528;0;-652409282
1151058;0;5;809;0;1213895515
1160520;2;1;361;0;1198221283
1160520;3;1;361;0;-870620146
1160520;4;1;361;0;-747936768
1160520;5;1;361;0;-372546558
1176688;0;41;7826;0;1505475046
1176688;1;41;7826;0;1144764902
1176688;2;58;30700;0;1048939186
1176688;3;86;41150;0;701926170
1176688;4;90;48673;0;-2036607139
1176688;5;116;72835;0;-462631005
1176688;6;126;83261;0;-958292554
1176688;7;139;90891;0;-1139168683
1176688;8;146;96633;0;875316406
1177542;0;157;42266;0;1757516594
1177542;1;157;42266;0;982618930
1177542;2;51;39704;0;-1311693304
1177542;3;53;40959;0;-253991188
1177542;4;70;62092;0;121526125
1177542;5;93;127208;0;-899731015
1177542;6;95;129474;0;1371381018
1177542;7;118;145852;0;-1345623568
1177542;8;329;305016;0;80528890
1177542;9;355;333314;0;1255662985
1177542;10;397;374049;1;-217850665
1177542;11;399;377847;1;-1118991907
1177542;12;410;386247;1;-1710864650
1177542;13;412;393969;1;-1470231032
1177542;14;412;394024;1;-511162269
1177542;15;416;402067;1;-630518751
1186269;0;5;780;0;-1519130293
1186269;2;19;9733;0;2088834582
1192363;0;708;140108;0;-1673400690
1192363;3;54;46152;0;-1785675817
1192363;4;54;46149;0;2074528650
1192363;5;71;56975;0;1608792336
1192363;6;71;56973;0;-1398806228
1192363;7;71;56971;0;118113960
1192363;8;77;64258;0;-28259199
1192363;9;125;103080;0;-1984411290
1192363;10;204;147760;0;1017239810
1192363;11;206;158166;0;-1571122935
1192363;12;214;172608;0;2065318517
1192363;13;216;173901;0;-542892773
1192363;14;227;191408;0;1921833315
1192363;15;236;205329;0;949081985
1192363;16;244;216984;0;-497824191
1192363;17;249;221538;0;864694236
1192363;18;253;229505;0;1939453011
1192363;19;262;267616;0;1647311431
1192363;20;263;270900;0;1787400813
1192363;21;270;277329;0;1096144501
1192687;0;248;96981;0;1164594849
1192687;1;248;96981;0;30035617
1192687;3;35;69868;0;-1019592031
1192687;4;49;91199;0;2105100381
1192687;5;78;307873;5;795207951
1192687;6;81;317419;5;1928029029
1192687;7;259;579082;7;-107470831
1192687;8;504;765777;7;-1789704936
1192687;9;524;825558;7;-480262495
1192687;10;524;825569;7;-597373414
1192687;11;549;1175728;14;1825482854
1192687;12;549;1178638;14;-1545446854
1192687;13;562;1149945;13;1872156814
1192687;14;567;1280404;15;1488319697
1192687;15;599;1601699;21;124478163
1192687;16;735;2190452;27;-1765694847
1192687;17;763;2767493;32;933511967
1192687;18;763;2769458;32;2128398503
1192687;19;818;2869863;34;385745860
1192687;20;865;3048310;34;417100153
1192687;21;927;3203537;35;1017154171
1192687;22;929;3210239;35;-1887718063
1192687;23;940;3279478;35;-1256930697
1192687;24;942;3305116;35;1145371604
1192687;25;945;3319933;35;-1508484193
1192687;26;945;3324119;35;615384152
1192687;27;951;3355970;37;191975105
1192687;28;951;3357583;37;-1328790642
1192687;29;953;3369837;37;-748139525
1192687;30;953;3395376;37;1733976290
1192687;31;956;3441218;37;-654687448
1192687;32;956;3441603;37;606916042
1192687;33;962;3450748;37;255674604
1192998;0;159;55514;0;-1424907375
1192998;1;159;55514;0;-2114870383
1192998;3;60;234544;4;-707401274
1192998;4;70;263365;4;936950177
1192998;5;74;340359;5;-1898919322
1192998;6;235;488435;5;-1652606823
1192998;7;235;489266;5;15067739
1192998;8;248;558617;6;1018898848
1192998;9;275;643562;6;539542077
1192998;10;279;711145;6;1803603217
1192998;11;279;715300;6;-1764796108
1192998;13;322;843666;7;1074550969
1192998;14;336;922055;7;-1329296161
1192998;15;344;957794;7;562262392
1192998;16;369;1037738;7;12393246
1192998;17;397;1153193;8;-827117032
1192998;18;432;1217616;9;1981410440
1192998;19;434;1254728;8;-550659326
1192998;20;443;1292674;9;31521421
1192998;21;441;1318869;10;1869985385
1192998;22;441;1320690;10;1129051706
1192998;23;441;1326960;10;-2115733479
1192998;24;441;1306828;10;2108834964
1207368;0;630;151379;0;1616326215
1207368;1;630;151379;0;-908644793
1207368;3;7;2462;0;1395162815
1207368;4;46;54625;0;-230243662
1207368;5;48;63089;0;39253495
1207368;6;49;55488;0;780235251
1207368;7;175;146301;0;1663293074
1207368;8;184;188923;1;745439466
1207368;9;185;190135;1;1667651509
1207368;10;185;223809;1;-658590924
1207368;11;188;243307;1;1717292162
1207368;12;188;262126;1;1059436991
1207368;13;188;263100;1;-301274521
1207368;14;189;263412;1;-1081894668
1207368;15;193;267786;1;543964819
1207368;16;195;285320;1;-1963983628
1207368;17;197;295579;1;-1104836241
1207368;18;219;314447;1;-1155796610
1207368;19;222;318736;1;-1669011009
1207368;20;227;329301;1;726502041
1207368;21;242;353422;1;-663842727
1207368;22;244;366448;1;-1957985508
1207368;23;245;369674;1;-1481197445
1207368;24;245;370191;1;-824816619
1207368;25;245;370426;1;-922884570
1207368;26;245;370497;1;-1342694686
1207368;27;240;369682;1;-1724297681
1229449;0;260;56138;0;-1253888589
1229449;3;57;115205;0;-1800698566
1229449;4;78;159563;0;-1240923834
1229449;5;99;170103;0;274823060
1229449;6;100;206351;0;1290541833
1229449;7;125;295203;1;-164512464
1229449;8;223;402470;1;455029504
1229449;9;256;476740;1;-1451329827
1229449;10;348;600723;1;-183255658
1229449;11;349;719611;5;-1639888857
1229449;12;352;729343;5;-2101858434
1229449;13;478;810285;5;238582301
1229449;14;478;806924;5;1224540599
1229449;15;478;805743;5;795391210
1229449;16;481;872451;5;548929793
1229449;17;482;897486;6;1488544688
1229449;18;534;982835;9;626729184
1229449;19;558;1096438;10;1724396951
1229449;20;562;1140316;10;476985605
1229449;21;566;1159875;10;677582496
1229449;22;571;1216368;10;1910805254
1229449;23;573;1221178;10;-805685201
1229449;24;569;1249925;10;1258214485
1229449;25;569;1266908;11;1513502571
1229449;26;573;1279370;11;1527472702
1229449;27;574;1282531;11;1468196679
1229449;28;574;1282564;11;-1909381547
1229449;29;568;1277925;11;-892323647
1229449;30;574;1282704;11;-502494789
1230041;0;38;10738;0;-495929969
1230041;2;46;52820;0;-569444753
1230041;3;103;101799;0;1537661592
1230041;4;168;143504;0;-1480620118
1230041;5;168;143504;0;-1077966934
1230041;6;191;163112;0;-882616527
1230041;7;194;170412;0;-1911174705
1230041;8;194;171804;0;18573573
1230041;9;196;180585;0;-290251587
1230041;10;203;198738;0;1342423434
1251489;0;225;58612;0;760469979
1251489;3;140;251095;0;153863383
1251489;4;149;261116;0;780914859
1251489;5;168;287802;0;1629535444
1251489;6;168;288042;0;881187181
1251489;7;169;288221;0;1688528090
1251489;8;180;324597;0;2391919
1251489;9;180;324861;0;-650102116
1251489;10;183;344905;0;1332937607
1251489;11;196;366199;0;-2134775111
1251489;12;200;371124;0;-49357525
1251489;13;610;811866;2;311611981
1251489;14;616;847987;2;-418548496
1251489;15;647;928824;2;1223059014
1251489;16;691;991202;2;180469973
1251489;17;693;998005;2;-1536086086
1251489;18;718;1051351;3;-1006768081
1251489;19;740;1088600;3;340683787
1251489;20;757;1101998;3;-1634201157
1251489;21;764;1152692;4;-433780791
1251489;22;784;1179081;4;-1803064510
1251489;23;784;1178564;4;333736359
1255473;0;25;8736;0;1959340548
1255473;1;25;8736;0;1579756036
1255473;2;60;47797;0;-1446417762
1255473;3;97;88048;0;349941125
1255473;4;118;111132;0;97491149
1255473;5;118;111132;0;1047501005
1255473;6;145;127527;0;1864652865
1255473;7;177;157148;0;-2094977070
1255473;8;191;159554;0;252336704
1255473;9;191;162385;0;-491977805
1255473;10;192;170017;0;1241837579
1255473;11;205;185833;0;-1749284652
1255473;13;237;203922;0;1078054253
1255473;14;249;214539;0;142956548
1255473;15;278;236237;0;-1454042459
1255473;16;284;241033;0;-1181318748
1255473;17;294;247101;0;1935767030
1255473;18;296;249095;0;1846363659
1258561;0;190;29778;0;-114905554
1258561;2;351;240820;0;133141925
1263034;0;5;791;0;996735242
1286520;0;111;208356;1;-406051733
1286816;2;1;1377;0;400141114
1286816;3;3;4372;0;-1821263588
1312365;0;11;2042;0;1092381859
1312365;2;790;798184;0;1778975200
1312365;3;1593;1149578;0;-22309100
1312365;4;1593;1149584;0;-422520562
1313917;0;62;19321;0;-965516461
1313917;2;112;49279;0;274776664
1313917;3;112;49296;0;-62607055
1313917;4;124;56557;0;-2112949251
1313917;5;133;60373;0;619306828
1313917;6;133;60944;0;550164558
1313917;8;133;60946;0;-1016569988
1313917;9;139;63729;0;337788328
1314216;0;321;67781;0;-2037340000
1314216;1;321;67781;0;443590816
1314216;3;61;38111;0;595828520
1314216;4;109;124166;0;-916204333
1314216;5;110;124297;0;1834673683
1314216;6;113;137086;0;-448601195
1314216;7;120;143452;0;-1949308558
1314216;8;155;236014;2;-145982067
1314216;9;193;304420;2;1409346119
1314216;10;996;760889;2;-1909712364
1314216;11;1003;776068;2;462549351
1314216;12;1023;1063113;6;147592954
1314216;13;1033;1132161;7;-2095351394
1314216;14;1045;1122862;7;1002196625
1314216;15;1045;1122862;7;1142705822
1314216;16;1045;1119575;7;-252728354
1314216;17;1048;1149672;7;1538019513
1314216;18;1136;1206788;7;1175591484
1314216;19;1137;1207711;7;955456241
1314216;20;1141;1211073;7;1828159081
1314216;21;1148;1236656;8;-333967650
1314216;22;1154;1270086;8;-475357753
1314216;23;1157;1355248;9;636794679
1314216;24;1157;1391533;9;917170471
1314216;25;1176;1433127;10;1539638705
1314216;26;1178;1464397;10;-182898251
1314216;27;1181;1481974;10;-1300545139
1314216;28;1182;1535534;10;372057331
1314216;29;1182;1536783;10;309902331
1314216;30;1182;1544127;10;-1563530805
1314512;0;367;102385;0;-1466937289
1314512;1;367;102385;0;428888118
1314512;3;55;67621;0;-405834298
1314512;4;58;71908;0;1813469002
1314512;6;134;117475;0;-1682916918
1314512;7;554;405413;0;407299896
1314512;8;817;610518;0;1690333311
1314512;9;873;694056;0;814640832
1314512;10;894;708559;0;-1136114596
1314512;11;919;740099;0;2118286222
1314512;12;938;770391;0;-1850774378
1314512;13;944;773809;0;1419509015
1314512;14;946;779982;0;528391183
1314512;15;946;781616;0;-453894348
1314512;16;946;781616;0;-940433612
1332643;0;15;5062;0;584514624
1333396;0;636;106541;0;-1124601847
1333396;3;69;42898;0;-187760019
1333396;4;150;193155;0;1405372301
1333396;5;177;282660;1;-625264662
1333396;6;191;284572;0;-2054005210
1333396;7;300;436237;1;-1081159117
1333396;8;637;701649;1;1308549142
1333396;9;872;839310;1;2050898360
1333396;10;872;839441;1;1318332889
1333396;11;962;893773;1;677241375
1333396;12;962;893773;1;-1453465056
1333396;13;965;896130;1;2016968832
1333396;14;974;904627;1;1948895645
1333396;15;1046;957279;1;-75046023
1333396;16;1046;957243;1;1407057360
1333396;17;1061;975774;1;-267233925
1333396;18;1061;975782;1;-748844153
1333396;19;1061;979001;1;990586239
1333396;20;1063;987797;1;-1798659683
1333396;21;1063;992271;1;-398017964
1333396;22;1063;992271;1;-1812267373
1336973;0;15;5062;0;-1077478279
1337297;0;15;5062;0;-1138295687
1337297;1;3;2682;0;-92531910
1337932;0;15;5221;0;-686344869
1338251;0;15;5221;0;-1511185662
1338556;0;15;4867;0;-1619243557
1338576;0;15;5062;0;-1749615495
1338614;0;3;2618;0;938082529
1338614;1;3;2618;0;988414177
1359231;0;143;31150;0;-1316887530
1360537;0;374;72899;0;1464161816
1360537;1;374;72899;0;105207320
1360537;2;156;660043;6;-716247601
1360537;3;372;1011931;9;1357843459
1360537;4;374;1015235;9;-358447931
1360537;5;513;1200642;10;412065701
1360537;6;518;1208895;11;-369853502
1360537;7;522;1228698;11;461916030
1360537;8;522;1231190;11;-1127125023
1360537;9;523;1253429;11;680481244
1360537;10;531;1278184;11;1692975116
1360537;11;531;1280726;11;569103489
1360537;12;531;1269068;11;410422219
1360537;13;534;1273928;11;-1432986841
1360537;14;534;1290561;11;715531805
1360537;15;539;1318047;11;1531225946
1360537;16;564;1517563;17;813904367
1360537;17;564;1517561;17;555647957
1360537;18;564;1520387;17;-493376113
1360537;19;576;1549610;18;1544950525
1360537;20;578;1564743;18;-1244793541
1360537;21;583;1762231;21;-1959261233
1360537;22;593;1947808;36;-274364675
1360537;23;594;1953475;36;-2048021194
1360537;24;598;2046300;39;-1606386578
1360537;25;598;2049635;39;353227604
1360537;26;638;2096698;39;-1608690170
1360537;27;652;2104197;39;289499983
1360537;28;654;2106654;39;-787795516
1360537;29;668;2138433;39;-1161586800
1360537;30;693;2199471;40;-931399039
1360537;31;694;2202185;40;-1147379529
1365023;0;331;62764;0;-843005924
1365023;1;331;62764;0;-1825521636
1365023;2;552;550809;0;1440596071
1365023;3;559;568089;0;1207560131
1365023;4;559;566884;0;1618492404
1365023;5;559;570581;0;-720087768
1365023;6;590;603439;0;738447632
1365023;7;592;614067;0;-2019106752
1365023;8;592;621270;0;-380062733
1365023;9;592;627291;0;219693158
1365023;10;592;628086;0;-1249019956
1365023;11;593;659310;0;1192598304
1365023;12;593;660961;0;-27540539
1365023;13;593;670129;0;379269654
1365023;14;594;671429;0;132397084
1365023;15;597;679895;0;1271726387
1365023;16;598;685557;0;-603782293
1365023;17;598;700524;0;883917951
1365023;18;598;709970;0;16074654
1365023;19;599;710943;0;-500225427
1365023;20;603;712444;0;-1238805210
1365023;21;603;712443;0;-1340727000
1365023;22;631;725642;0;-1185282567
1365023;23;631;725657;0;-1949985774
1365023;24;631;739578;0;-713646262
1365023;25;631;746609;0;696112812
1365023;26;636;769777;0;-803663343
1365023;27;638;801691;0;-1816957942
1365023;28;638;801691;0;-2080150518
1365023;29;638;800403;0;70104741
1365023;30;638;801680;0;-983645612
1365023;31;638;801682;0;1059578692
1365023;32;638;801993;0;1768345564
1365023;33;638;802295;0;-1447445778
1386023;0;654;144875;0;-1555744670
1386023;1;654;144875;0;1829058658
1386023;3;211;803527;9;-1423767949
1386023;4;213;843590;10;-1589981069
1386023;5;220;854627;10;-1133359093
1386023;6;251;1012597;17;351734241
1386023;7;251;1077910;22;-1103947914
1386023;8;286;1120544;22;1722639012
1386023;9;305;1219158;23;-618275804
1386023;10;351;1540179;29;1758432185
1386023;11;666;1961634;32;-439898122
1386023;12;689;1978987;32;-1486590999
1386023;13;691;1980977;32;1978711643
1386023;14;695;2082465;33;876299567
1386023;15;695;2080689;33;-1518119495
1386023;16;697;2087346;33;-1731427086
1386023;17;698;2332082;33;1044580688
1386023;18;704;2354261;33;-751398406
1386023;19;707;2362260;33;-622173662
1386023;20;713;2398966;33;-994144974
1386023;21;717;2398324;33;1452035798
1386023;22;737;2412280;33;-755584826
1386023;23;737;2413995;33;-1550143311
1386023;24;757;2422501;33;1859835096
1386023;25;767;2487770;33;968907611
1386023;26;786;2525943;33;-1372646470
1386023;27;788;2539756;33;-852928752
1386023;28;788;2539489;33;877445457
1386023;29;788;2544697;33;-425835457
1386023;30;788;2571366;33;1891856702
1386023;31;788;2576299;33;-242933408
1386023;32;788;2575207;33;-643806216
1386023;33;788;2575390;33;-887725538
1386023;34;788;2576746;33;-1990870082
1386039;0;187;37569;0;1846747077
1386039;1;187;37569;0;-1454170150
1386039;3;54;13552;0;-469276352
1386039;4;80;35275;0;-237006265
1386039;5;82;62527;0;-936300888
1386039;6;85;65810;0;-996865755
1386039;7;401;424437;3;-1151443090
1386039;8;401;424437;3;-37855406
1386039;9;402;434784;3;1299330964
1386039;10;462;488232;3;-1817013520
1386039;11;463;493455;3;386823178
1386039;12;503;729426;3;1379742727
1386039;13;503;729426;3;1237136387
1386039;14;504;774991;3;475572486
1386039;15;506;777406;3;-1075084738
1386039;16;509;779841;3;275916611
1386039;17;520;785037;3;-467613548
1386039;18;520;785037;3;337692823
1386039;19;521;787506;3;1921594117
1386039;20;520;785253;3;-164782218
1386039;21;542;974054;6;-2074576590
1386039;22;551;998037;6;2068623508
1386039;23;553;999090;6;731136350
1386039;24;668;1048782;6;751060341
1386039;25;685;1066027;6;611886471
1386039;26;715;1076016;6;-515468425
1386039;27;723;1081380;6;-1666400325
1386039;28;729;1090362;7;-1701779994
1386039;29;736;1093720;7;1372693357
1386039;30;739;1097221;7;1565525916
1386039;31;764;1109827;7;-1270781508
1386039;32;764;1109827;7;-1367250500
1415049;0;171;34669;0;1723695669
1415049;1;171;34669;0;-1395817931
1415049;4;38;53068;0;2111715849
1415049;5;51;69823;0;-1276634382
1415049;6;118;138822;0;435604755
1415049;7;128;162022;0;-931605836
1415049;8;163;184982;0;599742180
1415049;9;188;204707;0;460666118
1415049;10;193;208661;0;-1234095061
1415049;11;206;212185;0;-1930596254
1415049;12;210;215789;0;1455416352
1415049;13;213;221209;0;-1915210521
1415049;14;230;241537;0;580262939
1415049;15;279;302115;0;1122472250
1415049;16;279;302115;0;-1795240601
1421511;0;114;24462;0;-956524399
1421511;1;114;24462;0;-562259823
1421511;2;68;52309;0;-1792877917
1421511;3;70;59040;0;-179668752
1421511;4;93;71282;0;-1994931925
1421511;5;97;73055;0;-19036407
1421511;6;100;76498;0;-2046133671
1421511;7;144;106415;0;-1544844979
1421511;8;156;115854;0;-1251216826
1421511;9;162;117229;0;1228028629
1421511;10;163;119104;0;-672153786
1421511;11;168;128753;0;-884166827
1421511;12;173;133188;0;-1998875889
1421511;13;182;135721;0;-1976409411
1421511;14;182;135945;0;515462007
1421511;15;185;138665;0;158910618
1421511;16;187;141133;0;-964866816
1421511;17;187;141133;0;-1103278728
1421511;18;188;141684;0;-2064777050
1421511;19;188;141729;0;-1434108786
1421511;20;188;141720;0;-981981937
1421511;21;188;141741;0;2035223727
1421511;22;188;144004;0;-187584245
1421511;23;188;144157;0;253974286
1421511;24;188;144157;0;1865184025
1442383;0;27;3721;0;-239873404
1442383;1;27;3721;0;-867970428
1442383;2;35;14634;0;-818473768
1442383;3;38;16101;0;136991427
1442383;4;41;18108;0;225448369
1442383;5;323;89022;0;-1857538945
1442383;6;61;26449;0;-594982347
1442383;7;632;364477;0;1288779403
1442383;8;726;431379;0;-607574223
1442383;9;898;526907;0;-978407646
1442383;10;901;527246;0;1153198861
1442383;11;906;533912;0;-1479470408
1442383;12;906;533923;0;2054263648
1442383;13;910;541862;0;-548384006
1442383;14;910;544977;0;2085919694
1442383;15;911;546089;0;1459711130
1442383;16;939;560038;0;-1734118795
1442383;17;948;560767;0;1535906289
1442383;18;948;562109;0;183614641
1442383;19;955;565775;0;-1711899667
1442383;20;969;585060;0;-555251759
1442383;21;970;590148;0;1943938731
1442383;22;970;592313;0;644369705
1488274;0;253;39109;0;1096318174
1488274;2;347;549141;1;312240264
1488274;3;433;726517;2;-1471433437
1488274;4;477;780310;2;1783245100
1488274;5;551;846840;2;325289519
1488274;6;554;849549;2;1588898954
1488274;7;606;869113;2;-751615204
1488274;8;610;890701;2;962056567
1488274;9;624;900384;2;-420825512
1489769;0;222;51116;0;-1557298921
1489769;1;222;51116;0;-1483898601
1489769;2;222;48397;0;915882515
1489769;3;507;233775;0;155760020
1489769;4;510;242259;0;-2027779852
1489769;5;780;508421;0;-874813752
1489769;6;794;519323;0;-213809050
1489769;7;795;524832;0;-424177929
1489769;8;797;525928;0;878307770
1489769;9;864;573905;0;-1362351043
1489769;10;872;657414;0;2057238161
1489769;11;872;660923;0;-1445072359
1489769;12;873;663612;0;-411739255
1489769;13;872;673477;0;1102591245
1489769;14;901;717230;0;897201915
1489769;15;943;744936;0;1855287012
1489769;16;932;795617;1;-1505415240
1489769;17;934;799231;1;-1499450796
1489769;18;948;810518;1;-1524528763
1489769;19;955;830723;2;-342451512
1489769;20;957;834340;2;506223335
1489769;21;982;883008;2;-1190340680
1489769;22;986;883528;2;741069943
1489769;23;986;892267;2;-182739427
1489769;24;989;907911;2;-2022253940
1489769;25;989;908475;2;-771447078
1489769;26;989;908717;2;256472091
1489769;27;989;908717;2;-1460046834
1489769;28;989;910149;2;-1574822345
1489769;29;989;910149;2;1964121689
1507714;0;70;20290;0;588951242
1507714;1;70;20290;0;769306314
1507714;2;184;124851;0;1812684237
1507714;3;184;125099;0;300549772
1507714;4;190;134829;0;1814386622
1507714;5;200;157271;0;823209309
1507714;6;205;159506;0;-1512668635
1507714;7;240;196968;0;690832389
1507714;8;240;196985;0;813476578
1507714;9;269;225319;0;-499603210
1507714;10;276;228557;0;-1240095005
1507714;11;279;232188;0;1258553
1507714;12;304;247264;0;-1779144816
1507714;13;328;267025;0;381434785
1507714;14;328;272415;0;-1095852222
1507714;15;337;278420;0;-2088083176
1507714;16;337;281851;0;405183053
1507714;17;343;285225;0;1829952231
1508017;0;185;64911;0;-50634311
1508017;1;185;64911;0;1441489337
1508017;2;426;498464;0;77702350
1508017;3;546;807505;0;-158437840
1508017;4;632;923088;0;773323784
1508017;5;632;924140;0;-2079959450
1508017;6;652;1002132;0;1385610310
1508017;7;668;1036616;0;677766300
1508017;8;668;1037301;0;-1054935099
1508017;9;670;1037902;0;-890067466
1508017;10;673;1046041;0;-1378877826
1508017;11;687;1059764;0;-923436419
1508017;12;702;1103967;1;-267579646
1508017;13;704;1115811;1;1338453894
1508017;14;707;1122442;1;1382330293
1508017;15;711;1146176;1;-1155038409
1508017;16;716;1156693;1;1533167382
1508017;17;725;1172710;1;-1646394079
1508017;18;737;1197749;1;1880002453
1508017;19;738;1199454;1;-898428271
1508017;20;744;1205994;1;-1502623680
1508017;21;750;1216311;1;166478376
1508017;22;756;1229842;2;-107550623
1508017;23;771;1246115;2;824195875
1508017;24;782;1255297;2;-488131342
1508017;25;800;1273116;2;1381664297
1508017;26;809;1283784;3;1112744414
1508017;27;830;1299726;3;-560741210
1508017;28;850;1318400;3;-1683455288
1508017;29;850;1318687;3;-1257201207
1508017;30;852;1325002;3;1036840171
1508017;31;853;1327377;3;-987249599
1508017;32;854;1334141;3;-1883056261
1508017;33;854;1338312;3;2095654064
1508017;34;854;1339002;3;-121316034
1508017;35;854;1340944;3;-271090218
1563242;0;64;14724;0;-971062406
1563242;1;64;14724;0;-1977695366
1563242;2;76;64588;0;774948602
1563242;3;79;69411;0;108763361
1563242;4;98;132177;1;-1349819865
1563242;5;160;181283;1;1581115737
1563242;6;312;211364;1;1990842134
1563242;7;334;223816;1;-2024842362
1563242;8;337;232895;1;1333403963
1563242;9;341;245465;1;-1384639879
1563242;10;351;266075;1;1707334086
1563242;11;351;272996;2;-214934090
1563242;12;353;276385;2;409533246
1581378;0;214;72954;0;649453450
1581378;1;29;424884;1;1394031674
1581378;2;29;425778;1;1056604008
1581378;3;87;695407;7;781259946
1581378;4;116;790825;8;1680161036
1581378;5;116;791257;8;-1818453762
1581378;6;129;819433;8;461011221
1581378;7;282;930608;8;-447194691
1581378;8;294;1008794;9;386203366
1581378;9;305;1094554;9;-1457515389
1581378;10;306;1108785;10;-432682365
1581378;11;305;1097445;10;764739232
1581378;12;510;1584183;11;1871204413
1581378;13;511;1596436;12;819569583
1581378;14;558;1674107;12;215888452
1581378;15;588;1790501;14;-1923371222
1581378;16;588;1790338;14;-753013399
1581378;17;810;2262991;14;947875688
1581378;18;867;2320142;15;-200957872
1581378;19;878;2345756;16;-201051809
1581378;20;879;2374673;17;-1502382940
1581378;21;879;2374926;17;387586672
1590484;0;316;67636;0;-826347108
1590484;1;316;67636;0;-836832868
1590781;0;308;82011;0;568579278
1590781;1;33;22329;0;-360179171
1590781;2;44;32131;0;110682034
1590781;3;54;57746;0;698198457
1590781;4;60;64315;0;1711320755
1590781;5;74;74287;0;770745798
1590781;6;89;93500;0;-1079855004
1590781;7;91;95946;0;-1504764418
1590781;8;107;126154;0;2092587573
1590781;9;201;263490;0;694802783
1590781;10;203;267820;0;-502840910
1590781;11;449;547115;0;-1460387869
1590781;12;476;601639;0;2075237972
1590781;13;494;641999;0;1366622729
1590781;14;516;701512;0;-2063439737
1590781;15;522;724633;0;1436954899
1590781;16;536;759881;0;-1891889614
1590781;17;536;762319;0;-376990957
1590781;18;541;776963;0;-492217773
1590781;19;557;796402;0;1586009227
1590781;20;581;839222;0;956067741
1590781;21;617;883788;0;-937466383
1590781;22;638;902735;0;-1739644545
1590781;23;650;1056979;0;2129743244
1590781;24;654;1066974;0;1912901041
1590781;25;677;1123941;0;1011507304
1590781;26;677;1123941;0;-1858445200
1590781;27;677;1130988;0;1897168857
1590781;28;678;1135125;0;322438078
1591084;0;127;38258;0;-1509188336
1591084;1;127;38258;0;-1067737840
1591084;2;53;21694;0;-1617992621
1591084;3;53;21726;0;1453488514
1591084;4;64;25296;0;-2129709786
1591084;5;343;229427;0;1960858951
1591084;6;382;240650;0;1496182459
1591084;7;403;249472;0;-700100968
1591084;8;406;253827;0;1775309727
1591084;9;408;256551;0;218171655
1591084;10;410;257817;0;1322296181
1591084;11;412;259198;0;63330947
1591084;12;413;260296;0;1984229028
1591084;13;413;260542;0;2120928356
1601303;1;181;124828;0;901169196
1601303;2;203;150674;0;2012259925
1601303;3;203;150674;0;854632021
1601303;4;207;161721;0;1511916127
1601303;5;214;165900;0;626535864
1601303;6;215;169376;0;-496529726
1601303;7;218;179921;0;1368563897
1601303;8;219;186833;0;660555115
1601303;9;229;206420;0;50755594
1601303;10;231;218697;0;827285686
1601303;11;236;226551;0;2093990559
1601303;12;243;241484;0;-283016968
1601303;13;244;242815;0;1341502014
1601303;14;254;252653;0;120533531
1601303;15;256;257746;0;340702506
1601303;16;268;270474;0;-1939031165
1601303;17;276;288864;0;-1643779467
1601303;18;276;288864;0;1812327028
1601303;19;278;295810;0;-633893248
1601303;20;290;319166;0;-1966075991
1601303;21;298;352233;0;-2131037211
1601303;22;320;404522;0;2105083115
1601303;23;320;404582;0;1404395980
1601303;24;320;405375;0;350569874
1601303;25;331;432630;0;-2001534477
1601599;0;179;43327;0;-1225007159
1601599;1;179;43327;0;831250377
1601599;2;43;37316;0;1296515460
1601599;3;45;38094;0;-1023667685
1601599;4;54;46568;0;-233431147
1601599;5;96;205581;2;598201232
1601599;6;506;441166;2;38438686
1601599;7;526;486528;2;257315885
1601599;8;538;497463;2;19197282
1601599;9;549;503484;2;-310048148
1601599;10;565;513857;2;1677029195
1601599;11;596;526633;2;-1283678843
1601599;12;599;527202;2;-799581133
1612629;0;469;217229;0;290498975
1612629;1;953;459607;0;-1462811464
1612629;2;1047;632979;0;-2107267832
1612629;3;1247;792555;1;-191566154
1612629;4;1247;812375;1;-1106593449
1612629;5;1247;831265;1;-1004081624
1612629;6;1268;883748;1;1235665868
1612629;7;1309;904493;1;399552973
1612629;8;1309;917987;1;1008052518
1612629;9;1309;917987;1;1668655388
1612629;10;1311;951043;1;85511120
1612629;11;1329;1022524;1;-662063450
1612629;12;1330;1039015;1;1493554810
1612629;13;1332;1045481;1;-810142503
1612629;14;1332;1047491;1;-1613319364
1612629;15;1332;1047491;1;248951612
1640917;0;316;71157;0;139476566
1640917;1;422;171502;0;-837832310
1640917;2;422;169382;0;-1202747802
1640917;3;435;177246;0;133962672
1640917;4;435;178376;0;-443563513
1640917;5;656;355929;0;-479922029
1640917;6;884;487278;0;-1812172352
1640917;7;888;489302;0;-531666558
1640917;8;888;490503;0;651049623
1640917;9;889;493165;0;-1592504944
1640917;10;890;494401;0;-300341726
1640917;11;890;494708;0;-1829975649
1640917;12;892;523505;1;1443928983
1640917;13;895;529535;1;1130353094
1640917;14;895;529376;1;2033019403
1640917;15;901;561186;1;-405943535
1640917;16;901;563317;1;-1739623558
1640917;17;904;571836;1;696033454
1640917;18;906;597925;1;-637323840
1640917;19;911;604090;1;-1393859332
1640917;20;915;622818;1;-144161389
1640917;21;915;622826;1;2059999122
1640917;22;915;622828;1;-287143093
1640917;23;917;628701;1;1986879518
1640917;24;917;635102;1;562259218
1640917;25;918;656169;1;-1507963157
1640917;26;918;670053;1;1085670081
1650895;0;356;89848;0;-1918764499
1650895;1;356;89848;0;1336015402
1650895;3;112;97950;0;1251603319
1650895;4;122;109362;0;431924442
1650895;5;145;126052;0;-1984150785
1650895;6;145;126059;0;-393975511
1650895;7;156;134850;0;1256028931
1650895;8;237;145427;0;-2112021521
1650895;9;248;152279;0;296826224
1650895;10;258;205731;0;824508243
1650895;11;323;225222;0;766445114
1650895;12;335;231145;0;-1189119917
1650895;13;307;235247;0;842116931
1650895;14;322;246077;0;168676854
1650895;15;335;256289;0;-616350875
1650895;16;339;264364;0;-986040015
1650895;17;393;350666;1;306326547
1650895;18;422;381040;1;-502577830
1650895;19;432;395441;1;-1994704565
1650895;20;453;408268;1;989001580
1650895;21;453;408403;1;1956173781
1650895;22;467;417916;1;-1153379484
1650895;23;468;434267;1;-657591187
1650895;24;471;442065;1;-1753647028
1651197;1;196;56090;0;-173645708
1651197;3;66;253615;3;-664374500
1651197;4;77;311966;3;-514108237
1651197;5;79;315177;3;-902798612
1651197;6;79;396575;3;-1644324863
1651197;7;79;396575;3;1926426792
1661978;0;117;48757;0;-750079165
1661978;1;117;48757;0;-470109373
1661978;3;300;299473;1;-460317745
1661978;4;325;371211;1;227981434
1661978;5;332;396560;1;-1768450482
1661978;6;331;395598;1;-1510256232
1661978;7;333;406742;1;1776696617
1661978;8;330;415183;1;1245461698
1661978;9;415;515348;1;-1794812366
1661978;10;440;562660;1;-1095102130
1661978;11;442;569492;1;-228119181
1661978;12;443;578000;1;131618432
1661978;13;446;584614;1;583660315
1661978;14;457;586010;1;541520790
1661978;15;460;590913;1;-851529647
1661978;16;460;590913;1;-763449263
1661978;17;460;590913;1;2019761391
1664456;0;74;35588;0;-21195941
1664456;1;74;35588;0;-969108645
1664456;2;39;40370;0;-1443548148
1664456;3;44;54116;0;987445419
1664456;4;400;577710;5;-404068049
1664456;5;400;578039;5;1069988676
1664456;6;616;715082;5;-1853404585
1664456;7;634;775809;5;-1530629107
1664456;8;638;785115;5;1875676270
1664456;9;659;845474;5;1842112419
1664456;10;660;846500;5;-673137929
1664456;11;675;982267;5;-1042557182
1664456;12;689;1022624;5;897019303
1664456;13;692;1103791;5;141246411
1664456;14;695;1156785;5;1063971764
1664456;15;695;1170560;6;-1964245841
1664456;16;695;1174899;6;1463549701
1664456;17;700;1206474;6;1439130883
1664456;18;700;1206474;6;573397253
1664456;19;700;1218534;6;-1486585217
1664456;20;700;1218534;6;86771744
1691633;0;218;42650;0;1879587176
1691633;1;218;42650;0;1428699496
1691633;2;215;66990;0;971481918
1691633;3;215;66990;0;-633887945
1691633;4;215;66842;0;300937119
1691633;5;241;75143;0;-1142048826
1691633;6;245;76469;0;1637923201
1691633;7;273;90393;0;-1240156334
1691633;8;273;90778;0;1185564103
1691633;9;289;95608;0;-1535037241
1691633;10;289;95712;0;-385157860
1691633;11;292;97562;0;22536470
1691633;12;307;102570;0;-1528398095
1691633;13;322;105508;0;-1459402711
1691633;14;322;105700;0;42710915
1691633;15;328;107827;0;-1796751097
1691633;16;333;109957;0;-275268508
1691633;17;341;111914;0;-1545424158
1691633;18;345;114526;0;1335173271
1691633;19;346;115840;0;-658385073
1711782;0;91;34105;0;1752196294
1711782;1;91;34105;0;1967154374
1711782;3;27;15351;0;436819822
1711782;4;104;67637;0;1313286743
1711782;5;105;67973;0;220583201
1711782;6;105;67979;0;61096707
1711782;7;107;69468;0;-436659665
1711782;8;168;119874;0;1129329317
1711782;9;173;141347;0;190207778
1711782;10;189;148425;0;-953477888
1711782;11;189;148466;0;-73946130
1711782;12;189;148558;0;-1506380706
1711782;13;192;153330;0;1506318402
1711782;14;194;161359;0;1553788798
1711782;15;195;161863;0;-1168371483
1711782;16;200;167366;0;-638998195
1711782;17;200;167366;0;1168746829
1711782;18;200;167366;0;148165798
1711782;19;215;174433;0;-2045935801
1711782;20;215;174433;0;1391296331
1711782;21;221;184155;0;368592394
1711782;22;221;184234;0;1930821008
1711782;23;229;190909;0;2124520932
1711782;24;231;199227;0;-1584576030
1711782;25;241;208308;0;199813877
1728935;0;120;30526;0;-949247189
1728935;2;329;221640;0;-559591546
1728935;3;330;246270;0;1059400387
1728935;4;335;254027;0;259435608
1728935;5;362;313620;0;939643451
1728935;6;371;324487;0;1596538647
1728935;7;382;329536;0;1121841949
1728935;8;384;333834;0;-31797055
1728935;9;391;340700;0;-1057849900
1728935;10;395;366060;0;-648481512
1728935;11;411;389883;0;262614839
1728935;12;419;396068;0;938398541
1728935;13;419;396267;0;-1654838728
1728935;14;436;408673;0;-1010115032
1728935;15;440;412777;0;1814278532
1729231;0;139;32117;0;587300718
1729231;1;139;32117;0;-1135509650
1729231;2;45;30302;0;1543642259
1729231;3;68;54644;0;-1989733625
1729231;4;69;55015;0;-1714302101
1729231;5;78;73216;0;1372981709
1729231;6;120;102353;0;2120773730
1729231;7;171;122697;0;-811968166
1729231;8;208;144161;0;-964927436
1729231;9;209;144283;0;629459371
1729231;10;218;151481;0;1177748055
1729231;11;235;160037;0;405515319
1729231;12;262;178781;0;-264691140
1729231;13;284;191299;0;857569514
1729231;14;284;191299;0;721254634
1729231;15;304;208511;0;587601864
1729231;16;305;210120;0;959209650
1745917;0;236;52144;0;566576553
1745917;1;236;52144;0;-1413134935
1745917;2;328;250000;0;-843301999
1745917;3;329;282801;0;1725837768
1745917;4;350;325842;0;-1663622368
1745917;5;354;417265;0;2123582921
1745917;6;370;528029;0;-1765144892
1745917;7;387;559631;0;1148215073
1745917;8;387;561209;1;-987594047
1745917;9;393;565421;1;359742114
1745917;10;409;579738;2;-521718766
1745917;11;410;587848;2;-1842495836
1745917;12;411;587222;1;-1231163485
1745917;13;411;587708;1;1483471409
1750537;0;178;46595;0;-1105167071
1750537;1;178;46595;0;-1080001247
1750537;2;328;446717;2;166438953
1750537;3;344;491117;2;1702708758
1750537;4;346;492463;2;1761942167
1750537;5;384;556865;2;1503233118
1750537;6;423;675019;5;-1744028100
1750537;7;426;694929;5;-842689393
1750537;8;435;809890;6;1410196682
1750537;9;437;815746;6;-43001740
1750537;10;437;818412;6;2117937982
1750537;11;438;827236;6;-374372437
1750537;12;440;852194;6;1893179263
1750537;13;444;869711;7;334404897
1750537;14;444;869711;7;466525473
1750537;15;444;875144;7;74706000
1750537;16;449;886597;7;-1556500677
1750537;17;449;972070;8;-712277011
1750537;18;449;984059;8;-2124653528
1750537;19;449;1053092;8;310767306
1753575;0;168;40307;0;-2114014681
1753575;1;168;40307;0;1744744992
1753575;2;348;252667;0;1429258448
1753575;3;350;254708;0;444446206
1753575;4;351;255681;0;-1977065538
1753575;5;357;266746;0;-1903058929
1753575;6;371;290788;0;1843058450
1753575;7;376;306759;0;203578986
1753575;8;376;307879;0;-2140419975
1753575;9;383;314272;0;-497765214
1753575;10;387;315201;0;-576732151
1753575;11;388;318173;0;1796923619
1753575;12;397;326261;0;323647116
1753575;13;397;326261;0;-611682679
1753575;14;399;331222;0;-917920434
1753575;15;401;333502;0;927465264
1758465;0;208;131463;0;423476368
1758465;3;2;971;0;801954993
1758465;4;39;36881;0;-2070425313
1758465;5;125;334198;3;-652178627
1758465;6;126;335340;3;1402975669
1758465;7;390;386413;3;-1809176112
1758465;8;392;352680;2;-408717950
1758465;9;402;387774;3;-1377724874
1758465;10;420;405589;3;-773934693
1758465;11;448;459557;3;-992574585
1758465;12;468;535855;3;852080885
1758465;13;497;571846;3;-1028037057
1758465;14;721;770019;4;850548210
1758465;15;1250;1096466;4;1409588345
1758465;16;1300;1150335;4;-105964304
1758465;17;1337;1213945;4;-1304099047
1758465;18;1338;1215412;4;-1557462706
1758465;19;1347;1241604;4;194482548
1758465;20;1348;1242643;4;1641122068
1758465;21;1348;1264908;4;-1925174339
1758465;22;1350;1270217;4;-1596357380
1758465;23;1354;1321119;5;1832470661
1758465;24;1384;1333288;5;184815186
1758465;25;1418;1368042;5;1207230904
1758465;26;1421;1376988;5;-740438252
1758465;27;1424;1395066;5;-498930739
1758465;28;1424;1399875;5;1677631854
1758465;29;1424;1408337;5;790071379
1758465;30;1424;1409595;5;1367674729
1758465;31;1427;1425110;6;-152381190
1758465;32;1431;1420287;6;502602427
1758465;33;1431;1420471;6;2026400118
1758465;34;1438;1438297;6;-924107263
1758465;35;1438;1458940;6;-1680652144
1758465;36;1438;1459039;6;-1487956497
1758465;37;1438;1459618;6;-1290028618
1758465;38;1438;1459595;6;956090099
1776400;0;167;39472;0;-1518481466
1776400;1;167;39472;0;1272827847
1776400;3;51;32486;0;-1343658171
1776400;4;56;49441;0;-1089978627
1776400;5;92;62942;0;1086336556
1776400;6;111;70085;0;1833516509
1776400;7;116;71201;0;-1070832434
1776400;8;118;89805;1;1053585109
1776400;9;655;442752;1;1743564443
1776400;10;691;527090;1;983865162
1776400;11;749;619248;1;2130957100
1776400;12;749;623389;1;-1063602439
1776400;13;758;649163;1;-137312243
1776400;14;772;680008;1;1259015662
1776400;15;779;694347;1;571675889
1776400;16;904;742149;1;-1762945003
1776400;17;980;773904;1;-1598660695
1776400;18;987;797418;1;-786459869
1776400;19;994;801876;1;459694989
1776400;20;995;805730;1;-537584942
1776400;21;1008;822378;1;-106167215
1776400;22;1017;831120;1;-100677021
1776400;23;1019;831917;1;532721455
1776400;24;1019;833240;1;670099867
1776400;25;1029;850384;1;-825718249
1776400;26;1032;856548;1;1839436526
1776400;27;1035;859700;1;-924563200
1776400;28;1038;866825;1;669363285
1776400;29;1045;876795;1;-869822482
1776400;30;1055;884672;1;711940818
1776400;31;1060;892571;1;1892663231
1776400;32;1066;894688;1;-292562534
1776400;33;1066;897030;1;-360158459
1776400;34;1066;897030;1;477653764
1803421;0;70;15789;0;-1925791530
1803421;1;70;15789;0;-1917402922
1803421;2;84;88394;0;-1363084673
1803421;3;90;94036;0;1764016081
1803421;4;90;94036;0;-154437793
1803421;5;99;118935;0;1475105468
1803421;6;104;120762;0;-1551081739
1803421;7;104;121082;0;1805403021
1803421;8;105;126835;0;-691119939
1803421;9;105;126866;0;830767728
1803421;10;107;132557;0;1226612225
1803421;11;107;134484;0;-858705989
1803421;12;94;121911;0;471545619
1815726;0;168;38075;0;-1813034782
1815726;1;168;38075;0;1334790370
1815726;2;45;22675;0;2068383024
1815726;3;295;149300;0;1937840703
1815726;4;295;149506;0;-867536438
1815726;5;297;149789;0;1389622022
1815726;6;323;160214;0;591464979
1815726;7;323;160214;0;1063324182
1815726;8;330;165438;0;-1325627877
1815726;9;335;167182;0;-66444756
1815726;10;337;167788;0;-1138836181
1815726;11;337;167853;0;321970046
1815726;12;337;171480;0;-1109982995
1815734;0;66;16162;0;-484472531
1815734;1;66;16162;0;-501249747
1815734;2;67;75225;0;-2046944363
1815734;3;76;90136;0;1714396281
1815734;4;81;91357;0;-105464834
1815734;5;81;102515;0;-1818479417
1829881;0;235;46548;0;-735231638
1829881;1;235;46548;0;-1569898135
1829881;3;930;633994;0;-919107796
1829881;4;946;679338;0;-160006225
1829881;5;956;696821;0;1943707324
1829881;6;956;717717;0;-995044209
1829881;7;958;749041;0;1890513361
1829881;8;993;1192959;0;-185931507
1829881;9;994;1221005;0;-1792464185
1829881;10;994;1224510;0;-792714769
1829881;11;996;1270583;1;1593570288
1829881;12;997;1276064;1;-840172943
1829881;13;999;1291779;1;-1843880642
1829881;14;1034;1396753;2;2055729962
1829881;15;1037;1431870;2;-1880451929
1829881;16;1041;1502534;3;1706597878
1829881;17;1041;1503854;3;209834967
1829881;18;1066;1542053;3;1931428637
1829881;19;1069;1563011;3;1278834342
1829881;20;1073;1574570;3;-452402376
1829881;21;1089;1638274;3;1855700764
1829881;22;1089;1638274;3;-674513143
1829881;23;1104;1679589;3;1062749929
1829881;24;1110;1692773;3;1424211099
1829881;25;1124;1726623;3;1346473497
1829881;26;1127;1750619;3;400226297
1829881;27;1128;1754499;3;-1860852769
1829881;28;1131;1757668;3;1205242235
1829881;29;1132;1759254;3;1960730551
1865151;0;72;17214;0;967394333
1865151;1;72;17214;0;816399389
1865151;2;132;141492;0;778676060
1865151;3;132;141542;0;-645176171
1865151;4;145;159518;0;2140472384
1865151;5;146;160863;0;1870129946
1865151;6;148;162545;0;26212046
1866355;0;458;177506;0;2055532101
1866355;1;458;177506;0;1258614341
1866355;3;46;27180;0;1415097221
1866355;4;119;108856;0;1358601030
1866355;5;192;130816;0;32031877
1866355;6;310;216500;0;-1655136008
1866355;7;310;216500;0;1807261951
1866355;8;505;305860;0;526335158
1866355;9;519;321101;0;-1805648548
1866355;10;523;337317;0;1074791910
1866355;11;537;365228;0;-2041342806
1866355;12;537;365228;0;-166488919
1866355;13;546;381258;0;1893302659
1866355;14;595;403745;0;1915188449
1866355;15;609;448645;0;-381840166
1866355;16;643;500408;0;1098259266
1866355;17;643;500408;0;-1746527410
1866355;18;648;509205;0;266333604
1866355;19;658;533883;0;1210917795
1866355;20;661;536584;0;1000231355
1879849;0;200;61485;0;877180273
1879849;1;200;61485;0;717796726
1879849;2;31;33143;0;-1932564630
1879849;3;37;37134;0;90108267
1879849;4;239;274356;0;1429347463
1879849;5;247;286938;0;2040105640
1879849;6;271;331617;0;-757727685
1879849;7;271;332493;0;1267791723
1879849;8;361;443355;0;-941557176
1879849;9;388;495289;0;-1840702560
1879849;10;396;501874;0;17755626
1879849;11;408;523290;0;-691697588
1879849;12;412;527443;0;344822290
1879849;13;416;558507;0;-1017051279
1879849;14;440;591578;0;590423698
1879849;15;444;732441;0;1645498114
1879849;16;476;788005;0;225495097
1879849;17;497;821879;0;-1236666642
1879849;18;498;825015;0;-1191016443
1879849;19;534;1132671;1;-738974530
1879849;20;542;1168585;1;574023955
1879849;21;564;1194286;1;-1814220393
1879849;22;566;1204144;1;1676160167
1879849;23;570;1222022;1;1971233775
1879849;24;575;1240441;1;-1910802645
1879849;25;583;1269554;1;-1399928872
1879849;26;588;1315443;1;1326889697
1879849;27;591;1320436;1;-343986460
1879849;28;593;1359125;2;-536404656
1879849;29;591;1375913;2;616907045
1891617;0;316;68979;0;240776930
1891617;1;316;68979;0;-1709574431
1891617;3;75;18848;0;-2130724596
1891617;4;146;60420;0;1321917369
1891617;5;208;84436;0;756186003
1891617;6;209;85898;0;-1420677768
1891617;7;224;95742;0;-2001719357
1891617;8;1192;718871;0;-2119781930
1891617;9;1227;746562;0;-172161595
1891617;10;1247;755518;0;-891178953
1891617;11;1276;766003;0;226933290
1891617;12;1288;781317;0;-1805482448
1891617;13;1301;789159;0;1988322675
1891617;14;1307;812390;0;1832145918
1891617;15;1308;812958;0;-1144883201
1891617;16;1357;827800;0;-2133634314
1891617;17;1371;837239;0;228009973
1891617;18;1393;854606;0;477372437
1891617;19;1401;860982;0;-1637561224
1891617;20;1403;868059;0;117096575
1891617;21;1403;868416;0;1085604402
1891617;22;1409;872416;0;923338231
1891617;23;1418;875004;0;-1133420833
1891617;24;1428;880378;0;2086820182
1891617;25;1428;880378;0;-1822271159
1891617;26;1428;881764;0;133374418
1891617;27;1428;883811;0;438725319
1891617;28;1428;883802;0;179940028
1891617;29;1428;883850;0;1950527728
1891617;30;1428;884078;0;2090222262
1891617;31;1428;884078;0;1269366566
1902801;0;413;171217;0;1986259838
1902801;1;413;171217;0;-618402945
1902801;2;89;177215;0;327988302
1902801;3;261;914032;12;-1907256386
1902801;4;912;1403025;12;-832881576
1902801;5;913;1405844;12;-1155506258
1902801;6;931;1450832;12;-2095015957
1902801;7;932;1455890;12;-1781378107
1902801;8;932;1464738;12;401225999
1902801;9;934;1664886;17;632891203
1902801;10;942;1662650;17;-189934975
1902801;11;943;1700845;17;-485849782
1902801;12;947;1779897;20;-2032329512
1902801;13;949;1809082;20;-627090893
1902801;14;955;1857853;21;-578462054
1902801;15;955;1857890;21;-899810342
1902801;16;958;1861022;21;-1933181077
1902801;17;958;1875026;21;1160874247
1902801;18;959;1917972;21;-1939856747
1902801;19;969;1973464;21;-1828843247
1902801;20;969;1975671;21;1837073012
1902801;21;970;2004161;23;611502780
1902801;22;973;2047501;24;679715478
1902801;23;1004;2072894;24;1426121802
1902801;24;1014;2102797;24;-260475358
1902801;25;1014;2103682;24;-1119087991
1902801;26;1015;2109147;24;1521687566
1902801;27;1023;2120583;24;1800919884
1902801;28;1035;2138052;24;-262364586
1902801;29;1049;2152967;24;-1016514591
1902801;30;1053;2157770;24;-1430273164
1902801;31;1054;2166932;24;528338188
1913077;0;190;47298;0;384702844
1913077;1;190;47298;0;-680650372
1913077;2;2;782;0;2127038638
1913077;3;146;60496;0;-368077197
1913077;4;494;132361;0;597707217
1913077;5;511;147533;0;1237484481
1913077;6;517;157254;0;1927916148
1913077;7;552;169848;0;1206941762
1913077;8;554;174553;0;-1394845133
1913077;9;554;174553;0;-1795401165
1913077;10;556;182726;0;-1690045260
1913077;11;559;192966;0;-1276210969
1913077;12;559;193281;0;2086411089
1913077;13;577;212544;0;186519399
1913077;14;579;216151;0;1560542673
1913077;15;579;216151;0;-1707868714
1913077;16;578;224075;0;288307690
1913077;17;558;222165;0;-1051053664
1913077;18;558;222165;0;-166719591
1913077;19;579;225746;0;-614077805
1924299;0;233;72431;0;-1985366637
1924299;1;233;72431;0;438941075
1924299;2;10;4725;0;-717424677
1924299;3;142;74664;0;-1835279842
1924299;4;145;76454;0;-1748601575
1924299;5;146;77473;0;1694487120
1924299;6;146;77614;0;713998306
1924299;7;163;98620;0;-67018409
1924299;8;281;185057;0;-422744957
1924299;9;470;317936;0;1244990610
1924299;10;520;360285;0;787644748
1924299;11;558;398195;0;-1595542013
1924299;12;579;451665;1;2065162108
1924299;13;579;458001;1;-1557402296
1924299;14;579;463508;1;85126100
1924299;15;587;510667;1;-1455990023
1924299;16;587;510667;1;-958964977
1924299;17;588;514621;1;-751011054
1924299;18;596;525522;1;2137149987
1924299;19;604;553821;1;365563315
1924299;20;671;671042;2;1918622215
1924299;21;672;672448;2;1667739742
1924299;22;674;679735;2;-69868355
1924299;23;685;703263;2;1314485261
1924299;24;695;755715;2;378338995
1924299;25;699;777516;2;338932906
1924299;26;703;784995;2;795885373
1924299;27;705;811254;2;-660572811
1924299;28;708;819978;2;-1606707374
1924299;29;727;855224;2;-1121272054
1924299;30;729;847515;2;1518331750
1924299;31;729;848278;2;-502941216
1924299;32;729;854772;2;-88268183
1924299;33;729;856254;2;141858895
1924299;34;730;856680;2;1058704768
1925811;0;373;64165;0;-102692449
1925811;1;373;64165;0;618727839
1925811;3;365;237583;0;-97930020
1925811;4;370;244692;0;2022822797
1925811;5;370;246448;0;-111013903
1925811;6;370;246502;0;119762409
1925811;7;381;254328;0;-629204529
1925811;8;382;255154;0;-606983845
1925811;9;382;255163;0;-1003593817
1925811;10;395;263194;0;1956306087
1925811;11;395;264738;0;-388360986
1925811;12;396;264916;0;1406224934
1925811;13;400;269381;0;574916905
1925811;14;400;269381;0;759528281
1925811;15;404;272089;0;1019915687
1925811;16;406;274786;0;-654448574
1925811;17;409;283997;0;-675270357
1925811;18;409;284091;0;895075336
1925811;19;409;284733;0;-1378397334
1925811;20;409;284733;0;1416087081
1925811;21;409;284733;0;655869493
1925811;22;409;285258;0;-333876490
1925811;23;415;333099;0;-708615974
1925811;24;426;362351;0;1491512161
1925811;25;428;375544;0;1872433131
1925811;26;437;396505;0;-922447325
1925811;27;447;416022;0;346247789
1925811;28;451;430765;0;-383553224
1925811;29;459;447340;0;-1838654588
1925811;30;460;476652;0;220991296
1944313;0;86;24279;0;-1977861672
1944313;1;86;24279;0;-1248052776
1944313;2;25;14794;0;-848689551
1944313;3;25;14794;0;-761657744
1944313;4;39;26006;0;720166875
1944313;5;111;56463;0;-1730709556
1944313;6;134;96468;0;-2052247143
1944313;7;160;133164;0;-1738014088
1944313;8;174;153698;0;-1593423596
1944313;9;190;172083;0;-1649468364
1944313;10;190;173483;0;-1118561718
1944313;11;208;180180;0;-810704729
1944313;12;210;183772;0;540264870
1944313;13;210;183772;0;-195835483
1944313;14;210;183917;0;166092227
1944313;15;211;184545;0;-640727713
1944313;16;211;184888;0;-68057448
1948159;0;156;55950;0;1348347296
1948159;1;156;55951;0;-1233379658
1948159;2;16;16532;0;1706120439
1948159;3;33;32659;0;458702656
1948159;4;33;36230;0;36871413
1948159;5;38;42145;0;-1661659888
1948159;6;38;42145;0;609555729
1948159;7;405;273783;0;336430474
1948159;8;783;593653;0;1971246106
1948159;9;814;627787;0;1884111550
1948159;10;828;638044;0;-1905019400
1948159;11;891;737118;0;1210477445
1948159;12;891;806259;0;-637204699
1948159;13;891;828519;0;-925114207
1948159;14;897;833266;0;599050082
1948159;15;897;833338;0;-850071792
1948159;16;913;846077;0;-1498482014
1948159;17;934;879598;0;1486211383
1948159;18;940;891977;0;-1639259884
1948159;19;1078;1170979;0;1328238315
1948159;20;1080;1172210;0;-1705693134
1948159;21;1087;1186886;0;1208964705
1948159;22;1097;1217379;0;1747207568
1948159;23;1097;1217379;0;452216302
1948159;24;1113;1232808;0;1124159152
1948159;25;1146;1269437;0;-1155555523
1948159;26;1153;1274525;0;1080125967
1948159;27;1171;1296070;0;-991190524
1948159;28;1199;1337095;0;-198661705
1948159;29;1200;1338404;0;744305867
1948159;30;1200;1338439;0;1736593999
1948159;31;1200;1338780;0;1706612627
1948159;32;1200;1338725;0;-102697158
1948159;33;1200;1338672;0;346753970
1948159;34;1200;1338815;0;-1412529387
1948159;35;1200;1339200;0;-945567925
1963589;0;125;25799;0;1421156325
1963589;1;125;25799;0;-2136662043
1963589;2;12;6133;0;313303077
1963589;3;350;212102;0;1453977800
1963589;4;351;217994;0;-1997127502
1963589;5;353;220389;0;396921546
1963589;6;355;222548;0;-1866880556
1963589;7;360;241311;1;1546302563
1963589;8;367;248270;1;399496030
1963589;9;370;253353;1;-573097993
1963589;10;373;261531;1;1096156829
1963589;11;401;273014;1;481009216
1963589;12;395;275696;1;972138033
1963589;13;395;275696;1;-1945000399
1963589;14;398;281124;1;-1000488225
1963589;15;401;286181;1;918289571
1963589;16;410;296672;1;555345047
1963589;17;410;288469;0;587780692
1963589;18;410;288471;0;1670756152
1963589;19;414;302430;0;1715958621
1963589;20;415;324989;1;978397502
1963589;21;448;389595;2;1212266668
1963589;22;478;441687;2;-257861947
1963589;23;479;446130;2;1849426861
1963589;24;480;455250;2;-1038989901
1963589;25;493;481864;2;1540528090
1963589;26;504;521503;2;-176255459
1963589;27;505;525019;2;-985592782
1963589;28;505;526351;2;474117696
1963589;29;505;526356;2;441802139
1963589;30;505;526940;2;1677476756
1963589;31;444;486979;2;-1675380531
1963589;32;444;487102;2;425478048
1965426;0;211;51610;0;489584211
1965426;1;211;51610;0;1625192019
1965426;3;198;161600;0;662509138
1965426;4;203;168158;0;477914290
1965426;5;203;168158;0;1352426638
1965426;6;208;172430;0;-902607422
1965426;7;217;196824;0;717036670
1965426;8;218;198847;0;1018888498
1965426;9;226;202417;0;1692177222
1965426;10;226;202985;0;1207623648
1965426;11;226;203070;0;-407954107
1969740;0;411;90209;0;1859238397
1969740;1;411;90209;0;-876496388
1969740;3;235;356502;0;818926043
1969740;4;509;385159;0;325348713
1969740;5;511;390230;0;614447938
1969740;6;559;523968;0;376425949
1969740;7;561;528916;0;163581547
1969740;8;566;596487;0;1974986223
1969740;9;568;604497;0;-1501103399
1969740;10;571;615298;0;1467913554
1969740;11;573;626598;0;345458708
1969740;12;579;666060;0;1648983821
1969740;13;581;705141;0;-1200119622
1969740;14;583;709782;0;-2114805550
1969740;15;586;723632;0;-1824065016
1969740;16;588;770270;0;472544949
1969740;17;593;814638;0;851001823
1969740;18;593;821137;0;-1175095068
1969740;19;594;830546;0;-217570242
1969740;20;596;871912;0;1080115789
1969740;21;603;902423;0;-708220071
1969740;22;608;995622;1;138059749
1969740;23;609;998551;1;2116928410
1969740;24;612;1030240;1;920931126
1969740;25;616;1052812;1;-506438590
1969740;26;640;1098121;1;-633108826
1969740;27;644;1120774;1;-417357680
1969740;28;646;1135316;1;1466100936
1969740;29;646;1136887;1;-86839439
1969740;30;647;1158843;1;434118293
1969740;31;647;1172414;1;-1091710684
1969740;32;648;1186552;1;332851766
1969740;33;648;1186693;1;675743339
1969740;34;649;1193632;1;970902471
1969740;35;649;1193669;1;1801195178
1969740;36;649;1195076;1;725678747
1969740;37;649;1195533;1;1507807515
1970665;0;94;23498;0;-960838916
1970665;1;94;23498;0;-541408516
1970665;3;99;68594;0;1892361766
1970665;4;99;67543;0;-1404964526
1970665;5;104;70820;0;1819572921
1970665;6;104;70877;0;1805280673
1970665;7;107;72850;0;1199561504
1970665;8;119;79629;0;1434524640
1970665;9;119;79621;0;-564592060
1970665;10;134;91326;0;-1124258477
1970665;11;148;101393;0;1280453317
1970665;12;157;107202;0;-1639297958
1970665;13;165;113142;0;952056869
1970665;14;173;117164;0;-912188447
1970665;15;184;127363;0;1435924829
1970665;16;195;134787;0;-583425440
1970665;17;201;139743;0;1947740839
1970665;18;205;142676;0;-1251715959
1970665;19;211;154371;0;600075084
1970665;20;216;155515;0;805868899
1976602;0;252;69311;0;631235942
1976602;1;252;69311;0;1608508774
1976602;2;29;22646;0;-1634389209
1976602;3;33;41799;0;-1873545105
1976602;4;43;47384;0;1765972720
1976602;5;45;47795;0;140023260
1976602;6;52;49519;0;-1793970021
1976602;7;124;102275;0;-1181882824
1976602;8;143;133374;0;1698198357
1976602;9;149;135573;0;-1780892454
1976602;10;158;167779;1;-1099419275
1976602;11;178;183442;1;-2060868015
1976602;12;178;183442;1;-248928687
1976602;13;192;200738;1;2142143058
1976602;14;197;213017;1;681390144
1976602;15;211;227909;1;1340440495
1976602;16;218;231962;1;-1402095634
1976602;17;220;236790;1;770452201
1976602;18;237;246785;1;-1738642323
1976602;19;245;252404;1;1276939984
1976602;20;247;256222;1;1949887659
1976602;21;251;258962;1;1893495359
1976602;22;251;259017;1;-540710699
1976602;23;251;259017;1;1165322542
1976602;24;251;259017;1;-1696012116
1976602;25;251;259019;1;-1541558699
1976602;26;251;259054;1;1575308625
1976602;27;272;264558;1;314084980
1976602;28;284;273687;1;-1770410216
1976602;29;288;275442;1;902958064
1976602;30;288;275442;1;-861795337
1976602;31;288;275449;1;-845848767
1976602;32;291;277042;1;-176043116
1976908;0;251;87682;0;1933636020
1976908;1;251;87682;0;1064366516
1976908;2;5;6126;0;2009483833
1976908;3;474;526067;0;-959456960
1976908;4;478;530864;0;-1333656739
1976908;5;483;534905;0;-205087486
1976908;6;491;561155;0;-1237966424
1976908;7;497;592185;0;-1341035336
1976908;8;497;611720;0;364877810
1976908;9;498;615104;0;-2092321388
1976908;10;499;620205;0;1137749767
1976908;11;504;614029;0;-1352536654
1976908;12;531;651144;0;-809653942
1976908;13;531;652141;0;-1583570707
1976908;14;532;668741;0;1184135980
1976908;15;532;685985;0;174901352
1976908;16;538;752742;2;-1181948622
1976908;17;540;823924;2;-1034643839
1976908;18;540;823924;2;-1863018879
1976908;19;541;826727;2;598330797
1976908;20;554;912709;3;595538480
1976908;21;554;917527;3;926674938
1976908;22;564;1000477;4;1588859071
1976908;23;564;1000477;4;1555304636
1976908;24;567;1018948;4;-2078902394
1976908;25;573;1045285;4;1729548168
1976908;26;581;1091205;5;1347834132
1976908;27;582;1101028;5;91610435
1976908;28;582;1101028;5;118873411
1976908;29;586;1104901;5;-610544046
1976908;30;586;1108099;5;1235938186
1980876;0;156;33583;0;-759937969
1980876;2;10;9611;0;-218477994
1980876;3;55;33568;0;-810432318
1980876;4;377;87632;0;-1123637175
1980876;5;444;102970;0;1636516482
1980876;6;444;102970;0;1082868354
1980876;7;449;103930;0;-585038641
1980876;8;453;106963;0;-652488654
1980876;9;453;109889;0;676646822
1980876;10;454;112484;0;-439327389
1980876;11;422;108628;0;-1126363472
1981174;0;147;47237;0;1626143129
1981174;1;147;47237;0;1130166681
1981174;2;2;9158;0;867203197
1981174;3;109;215410;1;-15649698
1981174;4;112;240051;1;-1689590698
1981174;5;130;243605;1;1612705886
1981174;6;133;244608;1;412195808
1981174;7;131;239318;1;1141505591
1989879;0;55;17027;0;-435371678
1989879;1;55;17027;0;-863190686
1989879;2;52;27288;0;1468609759
1989879;3;61;36865;0;1609146607
1989879;4;64;63739;0;-1894077712
1989879;5;80;82945;0;1365185596
1989879;6;80;82945;0;1507791932
1989879;7;82;94449;0;1107585940
1989879;8;82;96443;0;-972068065
1989879;9;82;96445;0;555576512
1989879;10;82;96447;0;2049097788
1989879;11;102;123793;0;1872729591
1989879;12;102;123793;0;1688180215
1989879;13;390;208376;0;-9421750
1989879;14;198;218353;0;399623589
1989879;15;223;299254;0;-551178586
1989879;16;229;316703;0;1082866143
1989879;17;229;316713;0;-1441766169
1989879;18;230;324485;0;102335066
1989879;19;231;328082;0;-126286697
1989879;20;181;222101;0;-2107680307
1989879;21;181;223529;0;441450402
1989879;22;181;223535;0;1525419227
1989879;23;181;223557;0;-255087489
1989879;24;183;234491;0;-1863023708
1989879;25;184;239286;0;601966184
1989879;26;184;242883;0;574457697
1989879;27;189;246253;0;1618197076
1989879;28;189;246714;0;-316915355
1989879;29;191;247514;0;2132117558
1989879;30;191;248318;0;-633745131
1989879;31;191;248475;0;1618893532
1989879;32;192;251779;0;-753886160
1989879;33;194;253012;0;-1022226183
1989879;34;194;253012;0;-1248718599
1989879;35;194;253012;0;-1784683242
1989879;36;194;255003;0;585253391
1989879;37;197;255573;0;266090768
1989879;38;197;255573;0;-1931724495
1989879;39;197;255840;0;-1618298946
1989879;40;197;256296;0;-1791518264
1989879;41;197;256322;0;-507419181
1989879;42;198;257315;0;-838463796
1989879;43;198;257315;0;-133820724
1989879;44;199;261835;0;753560501
1989879;45;199;262442;0;224366531
1990273;0;321;168784;0;714497302
1990273;1;51;96174;0;2000613352
1990273;2;68;281912;2;-214903571
1990273;3;87;321589;2;-1174197260
1990273;4;1335;1051854;2;549402457
1990273;5;1658;1645568;19;2115467652
1990273;6;1723;1800058;19;-1017410833
1990273;7;1727;1974589;23;484561445
1990273;8;1761;2021997;23;1271462723
1990273;9;1766;2033980;23;1069095181
1990273;10;1777;2048018;23;387535699
1990273;11;1825;2277328;23;-617200436
1990273;12;1855;2351585;23;-189494419
1990273;13;1878;2388483;23;607217868
1990273;14;1909;2465200;23;-1974926985
1990273;15;1915;2484752;24;-1765950856
1990273;16;1943;2545004;24;-2093158927
1990273;17;1953;2591244;24;-1672564511
1990273;18;1996;2565022;24;-358525876
1990273;19;1996;2566981;24;-1900952860
1990273;20;2004;2601917;24;859584632
1990273;21;2010;2647766;24;-1865156918
1990273;22;2015;2693341;24;749487875
1990273;23;2027;2744552;25;-9594132
1990273;24;2037;2817265;25;311970277
1990273;25;2044;2852870;25;1758118447
1990273;26;2044;2869825;26;-723976998
1990273;27;2044;2870933;26;-2026521302
1990273;28;2044;2871627;26;806677805
1997045;0;468;145821;0;-672193691
1997045;1;468;145821;0;1412375397
1997045;2;85;115386;0;999183996
1997045;3;91;166569;0;-1846828591
1997045;4;172;286326;0;1489472408
1997045;5;999;984670;0;627161542
1997045;6;1009;994083;0;968611562
1997045;7;1012;1007655;0;-1503089564
1997045;8;1032;990361;0;1635754939
1997045;9;1064;1051923;1;1774910347
1997045;10;1077;1176739;2;-1977560348
1997045;11;1079;1177080;2;-1801294639
1997045;12;1085;1186876;2;-645960237
1997045;13;1091;1190577;2;-1265519833
1997045;14;1091;1196772;2;751503959
1997045;15;1106;1206829;2;-1367667536
1997045;16;1107;1207681;2;-1628569078
1997045;17;1109;1211969;2;1679259007
1997045;18;1112;1217776;2;-688694816
1997045;19;1227;1444771;2;1381414599
1997045;20;1231;1447528;2;1395889140
1997045;21;1231;1455642;2;280222421
1997045;22;1234;1478013;2;26282838
1997045;23;1238;1487039;2;261833848
1997045;24;1254;1518980;2;-297515623
1997045;25;1254;1518985;2;-71665151
1997045;26;1261;1521287;2;157853604
1997045;27;1265;1534716;2;2100477033
1997045;28;1282;1566301;2;-642684232
1997045;29;1298;1586196;2;-1334792066
1997045;30;1304;1625693;3;669346494
1997045;31;1306;1630097;3;-2064653331
1997045;32;1326;1656304;3;779459795
1997045;33;1360;1809701;3;-687775373
1997045;34;1364;1822868;3;1552990205
1997045;35;1364;1827017;3;959789119
1997045;36;1366;1827426;3;795314468
1997045;37;1373;1832920;3;-560530562
1997045;38;1374;1834750;3;1560116718
1997045;39;1380;1852699;4;720168879
1997045;40;1411;1859196;4;-871917194
1997045;41;1414;1860765;4;804289284
2004391;0;49;21636;0;-802316912
2004391;1;49;21636;0;-945971824
2004391;3;52;36609;0;962009287
2004391;4;54;39391;0;-1975453137
2004391;5;54;39381;0;730087752
2004391;6;56;42520;0;-1727261191
2004391;7;57;43629;0;2031701354
2004391;8;57;43629;0;-177890800
2008569;0;492;673538;3;-464182494
2052719;0;153;38276;0;-1159242050
2052719;1;153;38276;0;-120103234
2052719;3;179;94093;1;1937597899
2052719;4;198;105435;1;-395679340
2052719;5;203;123061;1;-139100071
2052719;6;222;156558;1;1875347713
2052719;7;251;251262;3;-2076810756
2052719;8;255;254678;3;-1055980720
2052719;9;256;254914;3;1630623936
2052719;10;261;277632;3;840971329
2052719;11;334;337867;4;-891238438
2052719;12;336;331601;3;-1116547905
2052719;13;333;325057;4;461045673
2052719;14;397;335696;4;561717158
2052719;15;409;338936;4;-2077018644
2053084;0;146;35147;0;-245442790
2061864;0;290;112332;0;1549316455
2061864;1;290;112332;0;1792586087
2061864;3;535;503607;0;-100319875
2061864;4;540;506057;0;-948697413
2061864;5;540;511513;0;-344389582
2061864;6;544;532292;0;227929865
2061864;7;546;542972;0;962747129
2061864;8;552;571274;0;-1563052372
2061864;9;554;586119;0;-1084682060
2061864;10;558;590115;0;1999775536
2061864;11;559;598471;0;1019125463
2061864;12;560;608944;0;-244373411
2061864;13;560;640409;0;-227350877
2061864;14;563;710807;0;2042912789
2061864;15;563;720417;0;1936917774
2061864;16;564;731325;0;-1321632723
2061864;17;565;771425;0;-1399898890
2061864;18;565;798306;0;-29475822
2061864;19;568;886496;1;-1013561624
2061864;20;572;902118;1;-2098829561
2061864;21;572;911061;1;605511684
2061864;22;573;923675;1;250218598
2061864;23;581;966099;1;230761429
2061864;24;581;976111;2;-1376263988
2061864;25;581;983367;2;-2078803950
2061864;26;584;996265;2;-451880025
2061864;27;585;1013548;2;-1589593822
2061864;28;585;1018902;2;847938825
2061864;29;586;1038548;3;1788214334
2061864;30;586;1042049;3;582357721
2061864;31;586;1042660;3;-1408644792
2061864;32;586;1042683;3;1625652695
2061864;33;586;1042683;3;2002327046
2066861;0;203;71624;0;1290242940
2066861;1;203;71624;0;-1475900545
2066861;3;37;37991;0;1794818525
2066861;4;73;71861;0;-2009100757
2066861;5;122;112067;0;485805374
2066861;6;125;114996;0;-2022884566
2066861;7;125;115370;0;-1316450474
2066861;8;354;339288;0;-1981705070
2066861;9;488;508003;0;1548759767
2066861;10;492;516268;0;1310436906
2066861;11;498;547881;0;1914249413
2066861;12;505;561718;0;1029618241
2066861;13;510;568965;0;-791921798
2066861;14;512;660677;0;-1757173598
2066861;15;520;709404;0;-2099615048
2066861;16;539;731561;0;-1168731829
2066861;17;539;742766;0;-370796894
2066861;18;540;752368;0;1468362666
2066861;19;546;776871;0;-82240250
2066861;20;547;778153;0;-319696534
2066861;21;559;795544;0;-5754786
2066861;22;560;797284;0;972696161
2066861;23;562;799454;0;682612795
2066861;24;564;806502;0;753324067
2066861;25;574;818960;0;1423799734
2066861;26;580;826412;0;-359166042
2066861;27;580;827385;0;-1620565612
2066861;28;581;828278;0;1161923532
2075417;2;24;25738;0;711560899
2075417;3;34;34993;0;-1169169176
2075417;4;46;57710;0;17990028
2075417;5;46;57868;0;-42195209
2075417;6;53;60817;0;-741941472
2075417;7;120;118358;0;-525322762
2075417;8;134;141031;0;-1243893317
2075417;9;134;141267;0;2054520142
2075417;10;144;151682;0;568864666
2075417;11;161;160823;0;447687571
2075417;12;181;174877;0;1618378226
2075417;13;198;186303;0;-903675997
2075417;14;200;186876;0;-720452996
2075417;15;206;193159;0;-66051893
2075417;16;199;186991;0;-1356672421
2075417;17;206;187048;0;-32598816
2094004;0;473;80864;0;203260542
2094004;2;159;217858;2;1566322731
2094004;3;161;218302;2;-1975784641
2094004;4;171;224193;2;-1832947295
2094004;5;171;224193;2;-1843433062
2094004;6;343;328060;2;-1861524040
2094004;7;437;386573;2;344810755
2094004;8;441;390094;2;289740991
2094004;9;501;430856;2;159332122
2094004;10;519;473417;2;-1268567514
2094004;11;690;588273;2;1436838631
2094004;12;690;589412;2;-1196393349
2094004;13;695;592897;2;-476298561
2094004;14;715;635351;2;1411496922
2094004;15;715;635351;2;-483279918
2094004;16;720;659284;2;-946775371
2094004;17;725;668781;2;-739742074
2094004;18;743;679432;2;813275008
2094004;19;743;681452;2;2050422645
2094004;20;744;682764;2;-708328689
2094004;21;744;682763;2;-279799792
2094004;22;749;686712;2;-1350615718
2094004;23;752;689783;2;406087239
2094004;24;755;691578;2;-1291669374
2094303;0;178;45626;0;-1189011249
2094303;1;178;45626;0;-1457446705
2094303;2;26;14940;0;1522528304
2094303;3;423;193927;0;1694807252
2094303;4;425;195840;0;1886069019
2094303;5;426;198347;0;1787401125
2094303;6;458;221015;0;623935699
2094303;7;461;222332;0;-421379454
2094303;8;366;190012;0;-1986390973
2094303;9;394;202039;0;-1797754742
2098292;0;270;86542;0;-506386496
2098292;1;270;86542;0;-481220671
2098292;2;31;25240;0;-1861913916
2098292;3;95;90931;2;-1477403212
2098292;4;96;91826;2;1147547729
2098292;5;117;166763;4;-35997252
2098292;6;118;166761;4;-1243214120
2098292;7;122;171215;4;411512514
2098292;8;127;174611;4;1341110067
2098292;9;129;175518;4;-944108445
2098292;10;189;205180;4;-1490409365
2098292;11;309;294466;4;224490905
2098292;12;310;296305;4;2002792372
2098292;13;387;355928;4;-1002352005
2098292;14;388;358310;4;1634509620
2098292;15;505;430469;4;1917022545
2098292;16;505;430502;4;731836894
2098292;17;520;437805;4;-1364607672
2098292;18;531;442261;4;1838128012
2098292;19;533;447834;4;1461492025
2098292;20;533;447844;4;-1791158158
2098292;21;533;447864;4;-626029796
2098292;22;533;447873;4;1006581486
2098292;23;533;455867;4;-2003290491
2098292;24;533;462486;4;725816978
2098292;25;547;471329;4;1522373678
2098292;26;548;473360;4;-1644330274
2098292;27;548;473632;4;-788482146
2098292;28;548;480599;4;-2106204680
2098292;29;548;485006;4;916675785
2098292;30;550;494419;4;-1713488495
2098292;31;550;497303;4;-922700215
2098292;32;551;509627;4;1832815334
2098292;33;553;510883;4;-543622448
2098292;34;558;564531;5;-860649540
2098292;35;559;575373;5;-1943531130
2098292;36;559;608320;6;-996079782
2098292;37;560;619397;6;-587145187
2098292;38;560;626967;6;-1224893516
2098292;39;577;660423;6;552928658
2098986;0;36;21063;0;-1684560070
2098986;1;36;21063;0;-1936218310
2098986;2;16;9578;0;1912847854
2098986;3;40;31001;0;1162327028
2098986;4;41;34054;0;-2120522596
2098986;5;43;36347;0;-1903495344
2098986;6;44;37215;0;-773018034
2098986;7;46;38057;0;-1825049507
2098986;8;52;42541;0;-52594306
2098986;9;57;46749;0;-334350799
2098986;10;62;49930;0;-46322379
2098986;11;65;51213;0;-953212623
2098986;12;79;65453;0;459993221
2098986;13;147;117703;0;-1691886082
2098986;14;159;176536;1;-1173773997
2098986;15;167;192948;1;771815778
2098986;16;190;211346;1;1197790383
2098986;17;192;213734;1;-1524418741
2098986;18;203;252062;1;647648387
2098986;19;236;269863;1;1341802866
2098986;20;236;269863;1;2031765874
2098986;21;249;280085;1;80715846
2099283;0;53;17720;0;-1178371439
2099283;1;53;17720;0;859011728
2099283;2;31;22909;0;1709401516
2099283;3;78;49949;0;-602865595
2099283;4;78;51671;0;1818176724
2099283;5;96;61179;0;2032967634
2099283;6;96;61179;0;1955373010
2099283;7;124;72668;0;1337008449
2099283;8;174;84779;0;-1037458165
2099283;9;188;92291;0;-1874271584
2099283;10;216;113402;0;1654961415
2099283;11;230;118602;0;-965018607
2099283;12;252;133114;0;1192119460
2099283;13;293;153283;0;-3113098
2099283;14;293;158351;0;246155472
2099283;15;293;158360;0;-326359415
2119946;0;301;59220;0;-1775511248
2119946;2;107;58527;0;-165902882
2119946;3;108;60252;0;1187444042
2119946;4;117;73005;0;432703346
2119946;5;230;138402;0;1292458147
2119946;6;482;308074;0;4733595
2119946;7;482;308074;0;1623734939
2119946;8;705;454588;0;1505729405
2119946;9;709;457672;0;1361635681
2119946;10;734;620335;3;1999417912
2119946;11;745;637544;3;-210416413
2119946;12;747;644418;3;-10647907
2119946;13;750;648965;3;-1603263512
2119946;14;767;668174;3;-742491813
2119946;15;770;671446;3;604443214
2119946;16;853;746713;4;-710156898
2119946;17;854;766468;4;1544300906
2119946;18;854;771171;4;-571509905
2119946;19;867;781763;4;2070619459
2119946;20;873;802522;4;-1769601165
2119946;21;874;816263;4;-646500371
2119946;22;874;816263;4;-451465235
2119946;23;874;819819;4;-909216415
2119946;24;875;822081;4;209324695
2119946;25;875;822081;4;-1806663210
2128229;0;350;74702;0;885148885
2128229;1;350;74702;0;-964539179
2128229;2;1988;2417319;0;672833465
2128229;3;2003;2443455;0;-1839084864
2128229;4;2007;2465919;0;-1936932553
2128229;5;2032;2518088;0;1708863304
2128229;6;2036;2533717;0;766054485
2128229;7;2061;2580800;0;1435355309
2128229;8;2154;2638554;0;1453160925
2128229;9;2166;2749493;0;-1307626455
2128229;10;2174;2773717;0;144608118
2128229;11;2174;2774081;0;1524281701
2128229;12;2181;3001668;0;-82129158
2128229;13;2250;3066303;0;583837107
2128229;14;2286;3129604;0;-923459847
2128229;15;2319;3158887;0;2016262317
2128229;16;2321;3171542;0;-1656718243
2128229;17;2323;3173437;0;221144904
2128229;18;2353;3199640;0;-1664043333
2128229;19;2373;3211024;0;1868988068
2128229;20;2380;3217452;0;-329975949
2128229;21;2380;3217603;0;849622469
2128229;22;2380;3217603;0;-2131479101
2128229;23;2380;3218097;0;-126494198
2128229;24;2381;3218765;0;1566621484
2128229;25;2381;3219036;0;1500568920
2128229;26;2381;3219036;0;1194384710
2128229;27;2381;3219024;0;1207206133
2136646;0;295;86184;0;145657525
2136646;1;295;86184;0;-414282059
2136646;2;99;57641;0;-848807695
2136646;3;113;66270;0;502291780
2136646;4;113;66270;0;-511681214
2136646;5;136;109136;0;-417002615
2136646;6;139;111694;0;-326140643
2136646;7;143;124456;1;547416335
2136646;8;199;189144;1;193002809
2136646;9;254;237672;1;1803135436
2136646;10;454;406863;1;-586397015
2136646;11;476;416633;1;-819006712
2136646;12;499;439800;1;374334279
2136646;13;520;454258;1;-986946168
2136646;14;536;483792;2;-655142060
2136646;15;540;486554;2;-26154733
2136646;16;539;487333;2;-379867182
2136646;17;552;497952;2;1395505824
2136646;18;553;498359;2;1453420534
2136646;19;553;499288;2;-1825554808
2136646;20;553;499615;2;1882022631
2136646;21;554;498637;2;1991415988
2136646;22;556;501720;2;-1738506079
2136646;23;560;504843;2;-1329548850
2136646;24;567;512155;2;905241890
2136646;25;567;513004;2;1080821399
2136646;26;571;525015;2;663034485
2136646;27;571;528833;2;-574506290
2136646;28;598;557616;2;448319731
2136646;29;624;565942;2;-838842247
2136646;30;622;569332;2;-802926295
2136646;31;626;574039;2;-520052990
2153966;0;28;4984;0;944096487
2153966;1;28;4984;0;1011205351
2153966;2;110;121376;1;2134673471
2153966;3;117;129140;1;605155053
2153966;4;117;129220;1;1628043139
2158705;0;266;69455;0;-1966494640
2158705;1;266;69455;0;1808378961
2158705;2;169;259993;0;-1560073944
2158705;3;170;260369;0;-640938456
2158705;4;173;263565;0;-1888933045
2158705;5;173;264549;0;-1806796256
2158705;6;291;384907;0;2134808402
2158705;7;490;537231;0;-544570540
2158705;8;610;660849;0;316209552
2158705;9;698;737335;0;722538362
2158705;10;702;742098;0;-1088223402
2158705;11;702;743013;0;1172923880
2158705;12;714;779714;0;206031231
2158705;13;716;806968;0;68138245
2158705;14;716;808736;0;-1487224896
2158705;15;744;999348;2;-1924499067
2158705;16;747;1005554;2;-1351728029
2158705;17;748;1007227;2;-1573850979
2158705;18;752;1021535;2;1672774870
2158705;19;756;1043299;2;70191651
2158705;20;756;1050693;2;-1928132744
2158705;21;757;1056633;2;1565536155
2158705;22;760;1058797;2;-796231384
2158705;23;777;1119906;3;-714993315
2158705;24;783;1130479;3;122885821
2158705;25;798;1172106;3;-1795098429
2158705;26;807;1200138;3;-1479870938
2158705;27;812;1213505;3;1684809841
2158705;28;832;1247367;3;-52280811
2158705;29;844;1272641;3;1279245556
2158705;30;847;1276220;3;-486905511
2158705;31;850;1283610;3;1094951321
2158705;32;858;1321684;3;-69331944
2158705;33;883;1360128;3;-175979324
2158705;34;883;1360128;3;-927808264
2158705;35;896;1453695;5;-860226607
2158705;36;896;1516122;6;1724044609
2166227;0;424;188156;1;-1466340052
2166227;1;424;188156;1;1129934127
2166227;2;84;129339;0;25570826
2166227;3;86;135111;0;134467117
2166227;4;139;316151;2;967153768
2166227;5;144;336418;2;790951002
2166227;6;435;608945;2;1461922378
2166227;7;435;609759;2;-1325810560
2166227;8;438;614614;2;-697082919
2166227;9;441;634136;2;949783130
2166227;10;443;635740;2;2009745713
2166227;11;470;700014;2;1067170153
2166227;12;521;747772;2;518060887
2166227;13;552;781185;2;-1628691004
2166227;14;559;815468;2;337728646
2166227;15;568;847090;3;-693142714
2166227;16;569;861984;3;1248862136
2166227;17;569;864727;3;1250703791
2166227;18;581;885984;4;333170360
2166227;19;597;909424;4;1659668533
2166227;20;603;922639;4;-1111024790
2166227;21;604;937551;4;651727025
2166227;22;605;951854;4;288859076
2166227;23;606;956403;5;349575127
2166227;24;606;957624;5;1093809971
2166227;25;609;965627;5;-1512578807
2166227;26;623;986412;5;-1141159856
2166227;27;626;993688;5;90958464
2166227;28;626;1003975;5;1263539839
2166227;29;639;1043292;5;1390399877
2166227;30;640;1082244;5;1964816165
2166227;31;645;1151088;5;-663291714
2166227;32;645;1151088;5;183957671
2166227;33;645;1155961;5;170087354
2166227;34;645;1162789;5;610581628
2166227;35;645;1164524;5;-80426887
2166227;36;649;1167329;5;1646321177
2166227;37;649;1172850;5;1169675497
2166227;38;649;1174385;5;404308857
2166227;39;650;1180018;5;-981302816
2183310;2;8;7805;0;-255744690
2183310;3;9;7952;0;-1236472228
2183310;4;9;7952;0;-534974863
2199026;0;80;11736;0;1064468237
2199026;1;80;11736;0;997359373
2199026;2;87;14033;0;-1141549957
2199026;3;86;17898;0;-1780962936
2199026;4;86;14616;0;-502441481
2199026;5;86;14056;0;-1152729315
2199026;6;86;14056;0;-2040252380
2224835;2;28;21286;0;2134941993
2224835;3;32;23002;0;-461377441
2224835;4;44;38785;0;-384817283
2224835;5;63;55737;0;-1303316288
2224835;6;159;101507;0;-1099157924
2224835;7;166;105895;0;1131172566
2224835;8;185;121180;0;-1252021467
2224835;9;202;125844;0;-1269096427
2224835;10;207;128978;0;-1262709190
2224835;11;212;138517;0;1886639551
2224835;12;213;140446;0;-1221591939
2224835;13;213;141140;0;1929973538
2224835;14;240;157879;0;-1849027020
2224835;15;240;158554;0;1008409363
2224835;16;240;158567;0;-1045817386
2244066;3;121;102439;0;1195507337
2244066;4;124;111188;0;-1166967782
2244066;5;128;121724;0;-1256341350
2244066;6;133;128211;0;-1865942070
2244066;7;142;145450;0;-2043673701
2244066;8;142;147943;0;1786093007
2244066;9;146;167951;0;674530834
2244066;10;147;178480;0;-1730520868
2244066;11;147;178478;0;1484023852
2244066;12;147;179604;0;1988135486
2244066;13;147;180468;0;-176827530
2244405;0;313;188880;1;958549970
2244405;1;313;188880;1;-1180545069
2244405;2;22;16817;0;1656572216
2244405;3;22;17182;0;-1873676640
2244405;4;22;17182;0;-1622018400
2244405;5;79;114308;0;-515313851
2244405;6;117;178977;0;-204848409
2244405;7;129;223453;0;231560397
2244405;8;129;226137;0;-1523563363
2244405;9;131;230343;0;1618877125
2244405;10;161;323678;0;-1173487611
2244405;11;626;1016102;0;1913331647
2244405;12;662;1155896;1;992666730
2244405;13;664;1160615;1;1400229424
2244405;14;664;1167723;1;-2047618103
2244405;15;664;1176319;1;-1378126304
2244405;16;672;1232716;1;1929526296
2244405;17;674;1281673;1;636194813
2244405;18;675;1283207;1;384721389
2244405;19;678;1338375;2;150588478
2244405;20;678;1338482;2;1622462074
2244405;21;689;1388972;2;1226880553
2244405;22;690;1411726;3;1355194424
2244405;23;706;1605900;5;-1995955016
2244405;24;706;1628550;5;1802979815
2244405;25;707;1634760;4;-873438369
2244405;26;709;1672543;4;-230027992
2244405;27;710;1679415;4;-769605357
2244405;28;716;1775448;5;-1985253434
2244405;29;716;1783699;5;-1465928004
2244405;30;719;1807697;5;-852626532
2244405;31;722;1831398;5;-1229658121
2244405;32;722;1832211;5;-2124546463
2244405;33;724;1837070;5;-1819673069
2244405;34;724;1837070;5;1680473619
2244405;35;725;1838858;5;400566720
2244405;36;726;1839475;5;666926068
2244405;37;726;1843885;5;1780962792
2244405;38;726;1844352;5;-740743460
2244405;39;729;1849447;5;2045767322
2244405;40;729;1849447;5;1909033029
2245328;0;426;70466;0;-289299741
2245328;1;426;70466;0;12690147
2245328;2;889;1131016;0;818036015
2245328;3;1076;1339843;0;1176645993
2245328;4;1338;1602765;0;943412772
2245328;5;1360;1624581;0;-1334259875
2245328;6;1360;1625528;0;1932763265
2245328;7;1360;1625518;0;-1407212125
2245328;8;1363;1627228;0;1564611664
2245328;9;1367;1644279;0;1823413771
2245328;10;1502;1750068;0;1200462522
2245328;11;1638;1835497;0;-15035148
2245328;12;1778;1973708;0;-653417793
2245328;13;1778;2064416;0;-1267129621
2245328;14;1779;2069035;0;-316781942
2245328;15;1782;2074562;0;1814425469
2245328;16;1786;2091369;0;1363129120
2245328;17;1775;2100359;0;-13720408
2245328;18;1777;2115813;0;1661799955
2245328;19;1777;2121930;0;-1034299193
2245328;20;1792;2163528;0;1979787129
2245328;21;1794;2178088;0;1047105780
2245328;22;1795;2210304;0;-520539600
2245328;23;1828;2215990;0;36205891
2245328;24;1828;2243983;2;815260413
2245328;25;1828;2246649;2;-1384674826
2245328;26;1836;2291256;2;1394798069
2245328;27;1836;2311026;2;-564818299
2245328;28;1836;2339858;2;417534150
2245328;29;1837;2343818;2;713343989
2245328;30;1993;2506960;2;-256531305
2245328;31;1993;2508187;2;905098
2245328;32;1994;2595846;3;-929258021
2245328;33;1994;2605304;3;1138976805
2245328;34;1998;2629925;4;957876531
2245328;35;2003;2648873;4;2130471250
2245328;36;2043;2668393;4;1699767211
2245328;37;2059;2707508;5;-394490865
2245328;38;2072;2715847;4;1415977463
2250779;0;165;37783;0;-1695770345
2250779;1;165;37783;0;-456353514
2250779;2;100;42280;0;761774231
2250779;3;177;62971;0;-2032476412
2250779;4;194;73355;0;-139097742
2250779;5;210;84654;0;683689009
2250779;6;225;93383;0;-1230663122
2250779;7;225;98380;0;-599892110
2250779;8;225;98380;0;-907124914
2250779;9;225;100562;0;-790683078
2250779;10;227;105851;0;1694867944
2250779;11;232;108104;0;885258679
2278832;0;285;82978;0;470735457
2278832;1;285;82978;0;-1338058143
2278832;2;9;2175;0;1090032179
2278832;3;82;86791;0;1082252608
2278832;4;238;208253;0;-1502538218
2278832;5;241;209975;0;193739767
2278832;6;242;217112;0;-1247801517
2278832;7;242;219419;0;2046721508
2278832;8;244;222897;0;-984037315
2278832;9;261;229272;0;-236239082
2278832;10;265;233478;0;1257418264
2278832;11;274;245590;0;1664606490
2278832;12;290;267017;0;-817313647
2278832;13;315;334307;1;751207591
2278832;14;318;364590;2;367496973
2278832;15;318;369588;2;1460904835
2278832;16;322;364443;2;784479385
2278832;17;367;408695;2;746286740
2278832;18;371;414124;2;480586477
2278832;19;392;440591;2;2123557766
2278832;20;392;440599;2;31720333
2278832;21;415;483004;2;211089384
2278832;22;421;498234;2;-921699642
2278832;23;425;530252;2;-179078312
2278832;24;446;546583;2;214377912
2278832;25;462;587244;2;2013059956
2278832;26;466;596203;2;-2006775372
2278832;27;468;598907;2;139107440
2279130;0;365;677009;11;-1999803750
2279130;1;365;677009;11;1740466842
2279130;2;6;7939;0;1229407097
2279130;3;465;784236;1;-369856785
2279130;4;467;789279;1;-23531000
2279130;5;477;836236;1;141104271
2279130;6;497;1493358;16;-1173487322
2279130;7;497;1493781;16;1794837279
2279130;8;500;1560290;18;-777038726
2279130;9;502;1614593;17;540866305
2279130;10;505;1678066;18;-100175948
2279130;11;511;1710462;19;-719213946
2279130;12;514;1806947;22;-364825271
2279130;13;514;1831497;22;1845913882
2279130;14;514;1892353;23;-1339206528
2279130;15;514;1896860;23;-1737954289
2279130;16;514;1897549;23;-417314371
2279130;17;516;1903506;23;-1404233656
2279130;18;518;1913839;22;-506806573
2279130;19;518;1955596;22;1323013414
2279130;20;518;1954838;22;-1505859582
2279130;21;519;1971214;22;129806363
2279130;22;524;2006180;22;-1534034309
2279130;23;524;2007530;22;-1861323957
2279130;24;532;2013172;22;-346982663
2279130;25;532;2013181;22;1765224744
2279130;26;532;2030463;23;-957905446
2279130;27;536;2060928;23;908163000
2279130;28;537;2092709;23;-1602620403
2279130;29;550;2117333;23;-549443344
2279130;30;551;2117832;23;-383474610
2279130;31;556;2122184;23;-1043010650
2279130;32;556;2123054;23;668536621
2279130;33;558;2126489;23;-951916395
2279130;34;558;2129827;23;789456792
2279130;35;558;2127897;23;-82866371
2279130;36;558;2127897;23;2057254064
2279130;37;558;2127897;23;391418261
2298227;2;56;29548;0;2071814927
2298227;3;56;29931;0;1315042150
2298227;4;231;81716;0;-18643563
2298227;5;256;113314;0;1027936847
2298227;6;276;127351;0;80877527
2298227;7;370;174318;0;1689132980
2298227;8;376;181161;0;1120791400
2298227;9;387;188910;0;-786675287
2301858;0;86;42535;0;808754449
2301858;1;86;42535;0;-919298798
2301858;2;257;221172;0;-808114904
2301858;3;258;225839;0;-232937644
2301858;4;276;251924;0;1636162901
2301858;5;276;251952;0;1742104044
2301858;6;277;307977;1;148835462
2301858;7;277;308721;1;-1865544679
2301858;8;278;311157;1;-990537222
2301858;9;278;349073;2;2079028240
2301858;10;279;364046;2;-1654855445
2301858;11;279;379382;2;-1478294552
2301858;12;279;379438;2;-64019918
2301858;13;279;379454;2;711886753
2301858;14;285;397425;2;-1480450207
2301858;15;287;409108;2;-846448882
2301858;16;294;407797;2;1837819
2301858;17;294;420205;2;158888206
2313514;0;39;15466;0;1542494625
2313514;1;278;221721;0;-265959711
2313514;2;288;251237;0;9884798
2313514;3;294;259089;0;519356116
2313514;4;299;263944;0;-688906574
2313514;5;310;298673;0;-726929904
2313514;6;316;313465;0;-2083011125
2313514;7;325;329205;0;-422605427
2313514;8;326;339874;0;-1206745807
2313514;9;326;344029;0;-54054187
2313514;10;284;315931;0;-833326124
2313514;11;288;317296;0;745001736
2313514;12;289;321818;0;-2023097240
2313811;0;464;127864;0;-169601713
2313811;1;464;127864;0;1222907212
2313811;2;8;40651;1;-160924794
2313811;3;165;636980;3;-1037237544
2313811;4;178;663406;5;-147201661
2313811;5;187;674696;5;1818787198
2313811;6;341;848947;8;806323380
2313811;7;1623;2025302;7;1882674042
2313811;8;1633;2036351;7;-824778313
2313811;9;1820;2150315;6;211029485
2313811;10;1895;2387013;6;1550342987
2313811;11;1904;2417249;7;260841501
2313811;12;1976;2564262;7;-1920588833
2313811;13;1976;2566928;7;1363606447
2313811;14;1984;2573758;7;92282172
2313811;15;1987;2594848;8;1017476199
2313811;16;1991;2611786;8;-437175128
2313811;17;2000;2784519;9;-1917684886
2313811;18;2000;2784519;9;-1661832342
2313811;19;2001;2839106;9;1847874110
2313811;20;2014;2842817;8;-872092529
2313811;21;2025;2854765;8;1984150186
2313811;22;2041;2897689;8;-1223850902
2313811;23;2041;2900026;8;1332120548
2313811;24;2044;2916298;8;1950812818
2313811;25;2053;2955140;9;213462257
2313811;26;2075;2994640;11;1114718209
2313811;27;2088;3052688;11;-786196114
2313811;28;2104;3102410;11;707961248
2313811;29;2106;3117226;11;1080363550
2313811;30;2155;3180044;11;-1761685495
2313811;31;2164;3212340;11;-527671384
2318773;0;462;184626;0;-276811885
2318773;1;462;185089;0;1421274771
2318773;2;465;185758;0;45592701
2318773;3;465;185758;0;1970502559
2318773;4;465;185758;0;1317918607
2334488;0;104;26879;0;2074623757
2334488;1;104;26879;0;1965571853
2334488;2;43;95246;0;1916696626
2334488;3;51;152196;2;209485448
2334488;4;88;296834;4;-1926921292
2334488;5;91;299708;4;214777906
2334488;6;109;358295;4;-1286155804
2334488;7;114;363371;4;-327550425
2334488;8;124;394581;4;-957503601
2334488;9;143;426923;4;-1137981739
2334488;10;147;438533;4;260034970
2334488;11;153;461487;5;1796924982
2334488;12;153;461487;5;739960320
2334488;13;153;461974;5;384251788
2334488;14;153;462978;5;-1315330938
2341733;0;170;36844;0;823220602
2341733;1;170;36844;0;1924225402
2341733;3;25;24118;0;1149446864
2341733;4;52;88253;0;1293703202
2341733;5;64;107765;0;1692258757
2341733;6;94;201269;0;-174799519
2341733;7;96;202251;0;-1821337694
2341733;8;114;232175;1;-171024842
2341733;9;123;230401;1;283240446
2341733;10;320;359955;1;-12212521
2341733;11;319;360770;1;-323974549
2341733;12;326;374650;1;1772670066
2341733;13;347;391439;1;-775710153
2341733;14;365;393365;1;-1891261881
2342030;0;80;20053;0;-1515045267
2342030;1;80;20053;0;-1393410451
2342030;2;204;132240;0;-1249184657
2342030;3;211;158541;0;-1807492509
2342030;4;223;169870;0;-645646827
2342030;5;231;172549;0;-518230675
2342030;6;273;187689;0;-374946208
2342030;7;275;189530;0;-360139293
2342030;8;283;197551;0;510352858
2342030;9;283;197830;0;907608010
2359703;0;303;98200;0;-164417392
2359703;1;303;98200;0;840118423
2359703;2;730;700672;0;58867606
2359703;3;738;713324;0;-1246342563
2359703;4;745;737013;1;1336149626
2359703;5;757;763221;1;-359979506
2359703;6;757;763221;1;815474190
2359703;7;761;774321;1;-1333130787
2359703;8;818;855301;1;-1697942810
2359703;9;819;880952;1;-1514895451
2359703;10;830;879990;1;-640307056
2359703;11;846;920957;1;-51305874
2359703;12;849;929915;1;1137833088
2359703;13;862;971051;1;-523701141
2359703;14;880;1027146;1;-736085094
2359703;15;924;1110751;2;1972167700
2359703;16;924;1110751;2;1473045524
2359703;17;930;1130426;2;721168917
2359703;18;949;1137263;2;-1602145312
2359703;19;964;1154693;2;1343058424
2359703;20;965;1159853;2;702658195
2359703;21;973;1166927;2;1626720849
2359703;22;1005;1189322;2;1948125200
2359703;23;1011;1195436;2;1154626083
2359703;24;991;1180765;2;944833142
2359703;25;1035;1223009;2;-2005478589
2359703;26;1035;1223343;2;-12785311
2380896;0;7;7356;0;-625509197
2380896;1;7;7356;0;-1686668056
2380896;2;8;7813;0;-1646347342
2380896;3;8;8027;0;590438332
2380896;4;8;8027;0;1017208764
2380896;5;12;10990;0;-199395972
2380896;6;13;11184;0;643707770
2380896;7;23;13087;0;1584461311
2390545;0;301;102794;0;-371416389
2390545;1;301;102794;0;1006412475
2390545;2;137;396547;4;-1912012534
2390545;3;164;420017;4;1582783085
2390545;4;169;424203;4;-862629113
2390545;5;169;424384;4;66543480
2390545;6;169;424389;4;356339021
2390545;7;395;689104;6;-711726598
2390545;8;405;758539;7;-974358714
2390545;9;406;759160;7;-966251475
2390545;10;430;749391;4;613560786
2390545;11;451;784818;4;-696565638
2390545;12;464;860854;5;-566285512
2390545;13;464;861017;5;-2109950378
2390545;14;708;1312550;5;-756392902
2390545;15;789;1448818;6;-2010082072
2390545;16;809;1518948;7;1409858048
2390545;17;844;1644485;7;1095360201
2390545;18;849;1668921;7;-160783427
2390545;19;853;1707166;7;-626125938
2390545;20;855;1722204;7;2195012
2390545;21;892;1919039;12;-1672402696
2390545;22;892;1919039;12;1467033848
2390545;23;897;1936446;12;632359401
2390545;24;927;1997306;13;-1984371891
2390545;25;931;2039712;13;-2139761343
2390545;26;931;2107228;14;1018868745
2390545;27;931;2111234;14;-2059005206
2390545;28;931;2127598;14;447469207
2390545;29;931;2127566;14;1356129883
2403576;0;17;13728;0;391745521
2403576;1;20;18076;0;652191803
2403576;2;21;18697;0;1384709901
2403576;3;23;26286;0;1373091795
2403576;4;23;26286;0;139966454
2403576;5;27;28026;0;-700774546
2403576;6;27;28026;0;-1352988818
2403576;7;46;52028;0;-903887000
2403576;8;49;56283;0;-1935678794
2403576;9;155;607730;13;2003866880
2403576;10;155;607730;13;-1231275510
2403576;11;155;627022;14;1813438150
2403576;12;390;953342;14;1936058603
2403576;13;392;962077;14;1830302234
2403576;14;393;963206;14;-892483506
2403576;15;526;1113911;14;-1278342343
2403576;16;580;1159904;14;1426155138
2403576;17;594;1243171;15;1283418821
2403576;18;600;1252720;15;-1346148804
2403576;19;603;1263433;15;-1461183202
2403576;20;603;1263433;15;1028119861
2403576;21;603;1266476;16;-2051936075
2403576;22;604;1225110;15;-1480566852
2403576;23;611;1291707;15;343727123
2403576;24;612;1317472;17;-1997862026
2403576;25;629;1760051;14;172338306
2403576;26;631;1755774;14;519707199
2403576;27;632;1761320;14;-2082632775
2403576;28;633;1766028;14;936255747
2409308;0;534;113436;0;1702298861
2409308;1;534;113436;0;1870071021
2409308;2;162;576153;3;516386419
2409308;3;166;581879;3;898626944
2409308;4;170;596934;3;-1035927364
2409308;5;170;597592;3;-1784810469
2409308;6;182;620687;3;-2031686158
2409308;7;366;783456;3;-115426233
2409308;8;370;802178;5;-1795943856
2409308;9;847;1271297;5;1338603105
2409308;10;879;1281898;3;-1558892876
2409308;11;929;1384034;4;-351222547
2409308;12;1017;1550393;4;-703731718
2409308;13;1064;1658896;5;644788578
2409308;14;1085;1689569;5;-735366952
2409308;15;1085;1689714;5;455948568
2409308;16;1121;1727619;5;202336636
2409308;17;1145;1751603;5;1788972917
2409308;18;1153;1776446;5;-988170299
2409308;19;1172;1814324;6;1340167434
2409308;20;1213;1860866;6;2133442784
2409308;21;1264;1890108;7;-348209280
2409308;22;1343;2012825;7;-411278353
2409308;23;1422;2103412;6;867887856
2409308;24;1440;2142888;6;-488114917
2409308;25;1444;2149687;6;-219662500
2409308;26;1554;2407854;7;1116738676
2409308;27;1554;2407854;7;948966517
2409308;28;1578;2431261;7;1523413786
2409308;29;1582;2449135;7;1565382597
2419057;0;874;212054;0;-2081004582
2419057;1;874;212054;0;1408656341
2419057;2;87;290859;0;-533683730
2419057;3;291;1099190;0;-556562937
2419057;4;291;1101096;0;-1499573840
2419057;5;299;1112561;0;-1516191892
2419057;6;352;1257020;0;971893538
2419057;7;352;1296928;1;1588946419
2419057;8;352;1303260;1;-788938588
2419057;9;360;1377625;3;-489194569
2419057;10;360;1380207;3;-944743347
2419057;11;362;1404481;3;1630430753
2419057;12;363;1406287;3;-1631401316
2419057;13;574;1680975;4;-2026884978
2419057;14;616;1741839;4;-650898279
2419057;15;737;1951188;5;-1352338312
2419057;16;1292;2580458;5;-293950420
2419057;17;1689;2877026;5;-1583909619
2419057;18;1705;2952111;6;-708201192
2419057;19;1781;3180179;6;-1560775362
2419057;20;1799;3290713;5;-1799302184
2419057;21;1892;3395197;7;1785835025
2419057;22;1893;3398485;7;-316563486
2419057;23;1915;3573331;9;963191701
2419057;24;1935;3623731;10;1273620332
2419057;25;2027;3919950;13;667821360
2419057;26;2045;4237915;20;-382208016
2419057;27;2063;4364117;22;-573109353
2419057;28;2086;4583616;24;-1325456086
2419057;29;2089;4595783;24;-947722015
2419057;30;2124;4727318;26;-1056162548
2442725;0;296;100496;0;-1648440297
2442725;1;296;100496;0;-964768745
2442725;2;1148;1091761;1;-1913834936
2442725;3;1174;2138488;8;-644902854
2442725;4;1174;2147819;8;-857100396
2442725;5;1176;2186091;8;-1657510296
2442725;6;1177;2202071;9;302630758
2442725;7;1177;2205762;9;112521389
2442725;8;1177;2205762;9;1697968277
2442725;9;1177;2205789;9;609187617
2442725;10;1177;2205825;9;2100263107
2442725;11;1244;2305324;10;226782380
2442725;12;1244;2332770;10;-643594633
2442725;13;1249;2379480;10;1771600394
2442725;14;1257;2462641;10;-1216924100
2442725;15;1269;2502007;10;-553259492
2442725;16;1277;2565381;11;-237276452
2442725;17;1280;2583772;12;849135161
2442725;18;1283;2606521;12;1702605208
2442725;19;1285;2652001;12;1304830327
2442725;20;1290;2695159;12;462538641
2442725;21;1291;2696958;12;995885935
2442725;22;1296;2726187;12;-1817906989
2442725;23;1296;2726187;12;128250066
2442725;24;1299;2749554;13;-1654179492
2442725;25;1309;2790792;13;-1650918226
2491656;0;302;71999;0;-524380567
2491656;1;302;71999;0;-1981901207
2491656;3;153;379456;3;-1172374402
2491656;4;154;380547;3;-1302127857
2491656;5;158;385777;3;1807747848
2491656;6;159;386453;3;-353217865
2491656;7;164;393594;3;-1358103227
2491656;8;165;403995;3;1883258978
2491656;9;174;420828;3;-1305266828
2491656;10;177;474806;3;-1805831315
2491656;11;230;524307;3;-1815786095
2491656;12;362;655900;3;1778560929
2491656;13;395;693892;3;1218149762
2491656;14;395;639393;2;-161645512
2491656;15;403;671903;2;1355856
2491958;0;267;55982;0;-1289632670
2491958;1;267;55982;0;-12467102
2491958;3;181;449664;5;488787216
2491958;4;186;466024;5;-1242785165
2491958;5;187;467320;5;1500877146
2491958;6;358;557787;4;1773962173
2491958;7;361;559420;4;-1449248417
2491958;8;481;607428;4;920210768
2491958;9;479;620902;4;335123758
2491958;10;479;620914;4;-1814340799
2491958;11;486;625017;4;1327735996
2491958;12;492;633271;4;539607402
2491958;13;493;663020;5;-1065498042
2491958;14;494;664841;5;784037540
2491958;15;499;679483;5;2068482194
2491958;16;502;743696;5;-1975646567
2491958;17;505;757893;5;-2044246984
2491958;18;512;767970;5;-1507383579
2491958;19;518;778121;5;-45900556
2491958;20;521;823581;5;-1182178654
2491958;21;526;829925;5;2124358743
2491958;22;561;869129;5;566751069
2491958;23;561;874513;5;2005927516
2492530;2;57;34943;0;-721192133
2492530;3;69;42811;0;-1634412159
2498321;0;23;7192;0;-798913747
2498321;1;23;7192;0;-835613918
2498321;2;159;183732;0;-1919085936
2498321;3;323;429440;0;-673802908
2498321;4;323;430981;0;1058792484
2498321;5;323;447603;0;-594053735
2498321;6;327;453559;0;-1069690277
2498321;7;329;457179;0;-683298323
2498321;8;333;475777;0;-986341477
2498321;9;335;488083;1;-1322758088
2498321;10;344;546908;0;997517553
2498321;11;344;550240;0;1168963510
2498321;12;356;588199;1;346718558
2498321;13;357;586773;0;-474605291
2498321;14;368;602469;0;-1929253658
2498321;15;373;635104;1;1236344115
2498321;16;381;661274;2;-1805003064
2498321;17;396;660937;2;-1544617723
2498321;18;400;665955;2;404665672
2498321;19;431;799013;4;-1582060222
2498321;20;432;808683;4;584249954
2498321;21;432;809413;4;206683226
2519522;0;449;90686;0;1416085276
2519522;1;449;90686;0;-1096302818
2519522;2;200;610672;5;2114418548
2519522;3;211;629070;5;-811122384
2519522;4;219;643120;5;132786106
2519522;5;608;1018524;5;269791478
2519522;6;608;1018524;5;1674883318
2519522;7;624;1047797;5;-48469414
2519522;8;649;1066010;5;-1602513527
2519522;9;657;1078215;5;-1480262447
2519522;10;835;1284941;5;-1737061192
2519522;11;839;1295230;5;705089487
2519522;12;847;1346501;5;387889760
2519522;13;859;1378487;5;1276152207
2519522;14;860;1382077;5;-108619419
2519522;15;865;1411434;6;1362994683
2519522;16;895;1446980;7;-569513048
2519522;17;895;1447137;7;1079171394
2519522;18;895;1461635;7;1113126251
2519522;19;907;1489507;7;-1305357162
2537303;0;490;99285;0;1515821079
2537303;1;490;99285;0;488216599
2537303;2;558;808143;8;757891541
2537303;3;559;818852;8;65389152
2537303;4;559;818925;8;1123701101
2537303;5;559;819913;8;-1936446931
2537303;6;559;820296;8;-1032366187
2537303;7;560;821633;8;-1166489424
2537303;8;567;840876;8;1889586919
2537303;9;577;848745;8;2004851798
2537303;10;580;879317;8;1331064191
2537303;11;580;939242;8;-730841476
2537303;12;582;939659;8;920604718
2537303;13;582;967567;8;1721819747
2537303;14;589;979463;8;-1153105295
2537303;15;589;981665;8;215177790
2537303;16;590;1007036;8;444452813
2537303;17;591;1042555;8;698563546
2537303;18;596;1056255;8;-227809657
2537303;19;610;1143894;10;1827706566
2542294;0;309;48924;0;-1964283340
2542294;1;309;48924;0;1955613843
2542294;2;512;751284;0;-2097307820
2542294;3;520;877502;2;-677411797
2542294;4;546;978014;2;-1051379890
2542294;5;572;1028331;2;-1100560246
2542294;6;572;1028343;2;-794197416
2542294;7;575;1038031;2;1884696948
2542294;8;578;1057770;2;977218865
2542294;9;600;1086708;3;819625390
2542294;10;621;1107980;3;1760113641
2542294;11;623;1115533;3;862652640
2542294;12;642;1153440;3;-1556166609
2542294;13;655;1175054;3;762573991
2542294;14;683;1256766;4;-1691835768
2542294;15;704;1294798;5;-544410185
2542294;16;704;1298229;5;387480887
2542294;17;704;1298231;5;-348498308
2542294;18;704;1300342;5;479056825
2563065;0;5;770;0;-1129536153
2563065;1;5;770;0;300721508
2563065;2;32;24583;0;-533596661
2563065;3;111;81370;0;-1851577220
2563065;4;158;123025;0;1899015049
2563065;5;176;130584;0;-1092572711
2563065;6;176;130590;0;1340081953
2563065;7;180;138341;0;-363371302
2563065;8;194;150675;0;-1970889160
2563065;9;199;161194;0;-617964673
2563065;10;206;164041;0;-1030847781
2563065;11;206;163975;0;1652667752
2563363;0;400;122729;0;278238388
2563363;1;400;122729;0;-1089104716
2563363;3;105;259627;0;-701496630
2563363;4;189;398120;0;-163500460
2563363;5;195;388557;0;-1055182211
2563363;6;199;393335;0;1688034768
2563363;7;454;572843;0;-616948053
2563363;8;480;679611;1;762463402
2563363;9;925;1069610;2;833121746
2563363;10;1036;1191437;2;345205102
2563363;11;1038;1238256;4;42856446
2563363;12;1052;1260129;4;-1149504446
2563363;13;1058;1336402;5;670627727
2563363;14;1066;1357825;5;-943955452
2565541;0;127;26333;0;-1432945090
2565541;1;127;26333;0;1628896769
2565541;2;47;21217;0;6648234
2565541;3;324;304029;0;425015534
2565541;4;353;333877;0;716802282
2596022;3;118;106978;0;1591524984
2596022;4;119;108000;0;577493396
2596022;5;119;108000;0;2019285382
2596022;6;125;134270;1;-889570249
2596022;7;129;142150;1;-2140513321
2596022;8;154;171358;1;2038308224
2596022;9;181;199109;1;-1800903520
2596022;10;182;203449;1;1197519484
2596022;11;198;208812;1;1901544468
2596022;12;205;215632;1;-1747391747
2596022;13;210;218872;1;684007565
2596022;14;212;222237;1;560674474
2605958;0;424;89195;0;-505166162
2605958;1;424;89195;0;700393428
2605958;2;403;469840;0;531362154
2605958;3;406;472450;0;-87263277
2605958;4;413;498608;0;-1668814518
2605958;5;508;572107;0;1071900283
2605958;6;560;698013;3;-57398804
2605958;7;799;864121;4;-1749796807
2605958;8;778;933336;4;1545197287
2605958;9;778;933336;4;-1189489000
2605958;10;795;958164;4;-813453435
2605958;11;823;996109;4;-543978356
2607369;0;16;15121;0;249761401
2607369;1;16;15121;0;-817656706
2607369;2;145;288405;0;-2139082616
2607369;3;269;411543;0;1268289332
2607369;4;271;419634;0;-1827918378
2607369;5;272;420161;0;-783869192
2607369;6;351;489947;0;194116858
2607369;7;448;618324;0;-1855652168
2607369;8;448;623623;0;1678311882
2624507;2;68;75280;0;206942238
2624507;3;71;77172;0;2045669918
2624507;4;86;107776;0;758819104
2624507;5;96;123490;0;-1508025454
2624507;6;122;152333;0;449843498
2624507;7;189;198370;0;9216415
2624507;8;193;206459;0;1920732836
2624507;9;197;210801;0;121087626
2624507;10;201;216940;0;1793228407
2624507;11;204;218985;0;1983767340
2645007;2;1852;3594297;1;-1433495111
2645007;3;1853;3556208;1;1377436405
2645007;4;1867;3634085;1;1939499366
2645007;5;1867;3634694;1;-1480111716
2645007;6;1867;3639309;1;1431084248
2645007;7;1884;3596786;3;-270747454
2645007;8;1884;3485770;3;1269848879
2645007;9;1951;3801983;3;-1689332158
2645007;10;1954;3805127;3;80526257
2645007;11;1958;3839978;3;-1627132962
2650300;0;261;63159;0;1018417166
2650300;1;261;63159;0;346279972
2691249;0;431;115186;0;507418666
2691249;1;431;115186;0;-1556178903
2691249;2;255;460904;0;2043303922
2752712;0;16;22327;0;-490061066
2752712;1;26;49708;0;-1792478495
2752712;2;34;65707;0;131659789
2752712;3;36;69496;0;2140505563
2752712;4;37;76231;0;-1971770006
2758941;0;11;3028;0;-1617753877
2758941;1;11;3028;0;-726464277
2758941;2;44;29661;0;1407379763
2758941;3;137;163771;0;-413724458
2758941;4;175;198161;0;-556194087
2758941;5;177;223559;1;-201932325
2759241;0;256;89018;0;-1760679439
2759241;1;256;89018;0;1156459006
2759553;0;396;90227;0;2134783039
2759553;1;396;90227;0;1023292479
2765813;2;4;1094;0;903358227
2765813;3;91;112953;0;-500127277
2765813;4;106;136336;0;-1080645956
2765813;5;192;413972;6;292783506
2765813;6;220;467804;6;-906375211
2785301;3;22;11156;0;812813237
2785301;4;24;14342;0;-413777903
2785600;0;23;10090;0;-1557057518
2785600;1;23;10090;0;-422498286
2785600;2;334;506392;0;857743427
2796712;0;222;82462;1;-1833357822
2796712;1;222;82462;1;-1984352766
2817778;0;1305;312686;0;-480051863
2817778;1;1305;312686;0;-391971478
